x,y,z,t
0,0,15,0
0,12,15,0
0,24,15,0
0,36,15,0
0,48,15,0
0,60,15,0
0,72,15,0
0,84,15,0
0,96,15,0
0,108,15,0
0,120,15,0
0,132,15,0
0,144,15,0
0,156,15,0
0,168,15,0
0,180,15,0
0,192,15,0
0,204,15,0
0,216,15,0
0,228,15,0
0,240,15,0
0,252,15,0
0,264,15,0
0,276,15,0
0,288,15,0
0,300,15,0
0,312,15,0
12,0,15,0
12,12,15,0
12,24,15,0
12,36,15,0
12,48,15,0
12,60,15,0
12,72,15,0
12,84,15,0
12,96,15,0
12,108,15,0
12,120,15,0
12,132,15,0
12,144,15,0
12,156,15,0
12,168,15,0
12,180,15,0
12,192,15,0
12,204,15,0
12,216,15,0
12,228,15,0
12,240,15,0
12,252,15,0
12,264,15,0
12,276,15,0
12,288,15,0
12,300,15,0
12,312,15,0
24,0,15,0
24,12,15,0
24,24,15,0
24,36,15,0
24,48,15,0
24,60,15,0
24,72,15,0
24,84,15,0
24,96,15,0
24,108,15,0
24,120,15,0
24,132,15,0
24,144,15,0
24,156,15,0
24,168,15,0
24,180,15,0
24,192,15,0
24,204,15,0
24,216,15,0
24,228,15,0
24,240,15,0
24,252,15,0
24,264,15,0
24,276,15,0
24,288,15,0
24,300,15,0
24,312,15,0
36,0,15,0
36,12,15,0
36,24,15,0
36,36,15,0
36,48,15,0
36,60,15,0
36,72,15,0
36,84,15,0
36,96,15,0
36,108,15,0
36,120,15,0
36,132,15,0
36,144,15,0
36,156,15,0
36,168,15,0
36,180,15,0
36,192,15,0
36,204,15,0
36,216,15,0
36,228,15,0
36,240,15,0
36,252,15,0
36,264,15,0
36,276,15,0
36,288,15,0
36,300,15,0
36,312,15,0
48,0,15,0
48,12,15,0
48,24,15,0
48,36,15,0
48,48,15,0
48,60,15,0
48,72,15,0
48,84,15,0
48,96,15,0
48,108,15,0
48,120,15,0
48,132,15,0
48,144,15,0
48,156,15,0
48,168,15,0
48,180,15,0
48,192,15,0
48,204,15,0
48,216,15,0
48,228,15,0
48,240,15,0
48,252,15,0
48,264,15,0
48,276,15,0
48,288,15,0
48,300,15,0
48,312,15,0
60,0,15,0
60,12,15,0
60,24,15,0
60,36,15,0
60,48,15,0
60,60,15,0
60,72,15,0
60,84,15,0
60,96,15,0
60,108,15,0
60,120,15,0
60,132,15,0
60,144,15,0
60,156,15,0
60,168,15,0
60,180,15,0
60,192,15,0
60,204,15,0
60,216,15,0
60,228,15,0
60,240,15,0
60,252,15,0
60,264,15,0
60,276,15,0
60,288,15,0
60,300,15,0
60,312,15,0
72,0,15,0
72,12,15,0
72,24,15,0
72,36,15,0
72,48,15,0
72,60,15,0
72,72,15,0
72,84,15,0
72,96,15,0
72,108,15,0
72,120,15,0
72,132,15,0
72,144,15,0
72,156,15,0
72,168,15,0
72,180,15,0
72,192,15,0
72,204,15,0
72,216,15,0
72,228,15,0
72,240,15,0
72,252,15,0
72,264,15,0
72,276,15,0
72,288,15,0
72,300,15,0
72,312,15,0
84,0,15,0
84,12,15,0
84,24,15,0
84,36,15,0
84,48,15,0
84,60,15,0
84,72,15,0
84,84,15,0
84,96,15,0
84,108,15,0
84,120,15,0
84,132,15,0
84,144,15,0
84,156,15,0
84,168,15,0
84,180,15,0
84,192,15,0
84,204,15,0
84,216,15,0
84,228,15,0
84,240,15,0
84,252,15,0
84,264,15,0
84,276,15,0
84,288,15,0
84,300,15,0
84,312,15,0
96,0,15,0
96,12,15,0
96,24,15,0
96,36,15,0
96,48,15,0
96,60,15,0
96,72,15,0
96,84,15,0
96,96,15,0
96,108,15,0
96,120,15,0
96,132,15,0
96,144,15,0
96,156,15,0
96,168,15,0
96,180,15,0
96,192,15,0
96,204,15,0
96,216,15,0
96,228,15,0
96,240,15,0
96,252,15,0
96,264,15,0
96,276,15,0
96,288,15,0
96,300,15,0
96,312,15,0
108,0,15,0
108,12,15,0
108,24,15,0
108,36,15,0
108,48,15,0
108,60,15,0
108,72,15,0
108,84,15,0
108,96,15,0
108,108,15,0
108,120,15,0
108,132,15,0
108,144,15,0
108,156,15,0
108,168,15,0
108,180,15,0
108,192,15,0
108,204,15,0
108,216,15,0
108,228,15,0
108,240,15,0
108,252,15,0
108,264,15,0
108,276,15,0
108,288,15,0
108,300,15,0
108,312,15,0
120,0,15,0
120,12,15,0
120,24,15,0
120,36,15,0
120,48,15,0
120,60,15,0
120,72,15,0
120,84,15,0
120,96,15,0
120,108,15,0
120,120,15,0
120,132,15,0
120,144,15,0
120,156,15,0
120,168,15,0
120,180,15,0
120,192,15,0
120,204,15,0
120,216,15,0
120,228,15,0
120,240,15,0
120,252,15,0
120,264,15,0
120,276,15,0
120,288,15,0
120,300,15,0
120,312,15,0
132,0,15,0
132,12,15,0
132,24,15,0
132,36,15,0
132,48,15,0
132,60,15,0
132,72,15,0
132,84,15,0
132,96,15,0
132,108,15,0
132,120,15,0
132,132,15,0
132,144,15,0
132,156,15,0
132,168,15,0
132,180,15,0
132,192,15,0
132,204,15,0
132,216,15,0
132,228,15,0
132,240,15,0
132,252,15,0
132,264,15,0
132,276,15,0
132,288,15,0
132,300,15,0
132,312,15,0
144,0,15,0
144,12,15,0
144,24,15,0
144,36,15,0
144,48,15,0
144,60,15,0
144,72,15,0
144,84,15,0
144,96,15,0
144,108,15,0
144,120,15,0
144,132,15,0
144,144,15,0
144,156,15,0
144,168,15,0
144,180,15,0
144,192,15,0
144,204,15,0
144,216,15,0
144,228,15,0
144,240,15,0
144,252,15,0
144,264,15,0
144,276,15,0
144,288,15,0
144,300,15,0
144,312,15,0
156,0,15,0
156,12,15,0
156,24,15,0
156,36,15,0
156,48,15,0
156,60,15,0
156,72,15,0
156,84,15,0
156,96,15,0
156,108,15,0
156,120,15,0
156,132,15,0
156,144,15,0
156,156,15,0
156,168,15,0
156,180,15,0
156,192,15,0
156,204,15,0
156,216,15,0
156,228,15,0
156,240,15,0
156,252,15,0
156,264,15,0
156,276,15,0
156,288,15,0
156,300,15,0
156,312,15,0
168,0,15,0
168,12,15,0
168,24,15,0
168,36,15,0
168,48,15,0
168,60,15,0
168,72,15,0
168,84,15,0
168,96,15,0
168,108,15,0
168,120,15,0
168,132,15,0
168,144,15,0
168,156,15,0
168,168,15,0
168,180,15,0
168,192,15,0
168,204,15,0
168,216,15,0
168,228,15,0
168,240,15,0
168,252,15,0
168,264,15,0
168,276,15,0
168,288,15,0
168,300,15,0
168,312,15,0
180,0,15,0
180,12,15,0
180,24,15,0
180,36,15,0
180,48,15,0
180,60,15,0
180,72,15,0
180,84,15,0
180,96,15,0
180,108,15,0
180,120,15,0
180,132,15,0
180,144,15,0
180,156,15,0
180,168,15,0
180,180,15,0
180,192,15,0
180,204,15,0
180,216,15,0
180,228,15,0
180,240,15,0
180,252,15,0
180,264,15,0
180,276,15,0
180,288,15,0
180,300,15,0
180,312,15,0
192,0,15,0
192,12,15,0
192,24,15,0
192,36,15,0
192,48,15,0
192,60,15,0
192,72,15,0
192,84,15,0
192,96,15,0
192,108,15,0
192,120,15,0
192,132,15,0
192,144,15,0
192,156,15,0
192,168,15,0
192,180,15,0
192,192,15,0
192,204,15,0
192,216,15,0
192,228,15,0
192,240,15,0
192,252,15,0
192,264,15,0
192,276,15,0
192,288,15,0
192,300,15,0
192,312,15,0
204,0,15,0
204,12,15,0
204,24,15,0
204,36,15,0
204,48,15,0
204,60,15,0
204,72,15,0
204,84,15,0
204,96,15,0
204,108,15,0
204,120,15,0
204,132,15,0
204,144,15,0
204,156,15,0
204,168,15,0
204,180,15,0
204,192,15,0
204,204,15,0
204,216,15,0
204,228,15,0
204,240,15,0
204,252,15,0
204,264,15,0
204,276,15,0
204,288,15,0
204,300,15,0
204,312,15,0
216,0,15,0
216,12,15,0
216,24,15,0
216,36,15,0
216,48,15,0
216,60,15,0
216,72,15,0
216,84,15,0
216,96,15,0
216,108,15,0
216,120,15,0
216,132,15,0
216,144,15,0
216,156,15,0
216,168,15,0
216,180,15,0
216,192,15,0
216,204,15,0
216,216,15,0
216,228,15,0
216,240,15,0
216,252,15,0
216,264,15,0
216,276,15,0
216,288,15,0
216,300,15,0
216,312,15,0
228,0,15,0
228,12,15,0
228,24,15,0
228,36,15,0
228,48,15,0
228,60,15,0
228,72,15,0
228,84,15,0
228,96,15,0
228,108,15,0
228,120,15,0
228,132,15,0
228,144,15,0
228,156,15,0
228,168,15,0
228,180,15,0
228,192,15,0
228,204,15,0
228,216,15,0
228,228,15,0
228,240,15,0
228,252,15,0
228,264,15,0
228,276,15,0
228,288,15,0
228,300,15,0
228,312,15,0
240,0,15,0
240,12,15,0
240,24,15,0
240,36,15,0
240,48,15,0
240,60,15,0
240,72,15,0
240,84,15,0
240,96,15,0
240,108,15,0
240,120,15,0
240,132,15,0
240,144,15,0
240,156,15,0
240,168,15,0
240,180,15,0
240,192,15,0
240,204,15,0
240,216,15,0
240,228,15,0
240,240,15,0
240,252,15,0
240,264,15,0
240,276,15,0
240,288,15,0
240,300,15,0
240,312,15,0
252,0,15,0
252,12,15,0
252,24,15,0
252,36,15,0
252,48,15,0
252,60,15,0
252,72,15,0
252,84,15,0
252,96,15,0
252,108,15,0
252,120,15,0
252,132,15,0
252,144,15,0
252,156,15,0
252,168,15,0
252,180,15,0
252,192,15,0
252,204,15,0
252,216,15,0
252,228,15,0
252,240,15,0
252,252,15,0
252,264,15,0
252,276,15,0
252,288,15,0
252,300,15,0
252,312,15,0
264,0,15,0
264,12,15,0
264,24,15,0
264,36,15,0
264,48,15,0
264,60,15,0
264,72,15,0
264,84,15,0
264,96,15,0
264,108,15,0
264,120,15,0
264,132,15,0
264,144,15,0
264,156,15,0
264,168,15,0
264,180,15,0
264,192,15,0
264,204,15,0
264,216,15,0
264,228,15,0
264,240,15,0
264,252,15,0
264,264,15,0
264,276,15,0
264,288,15,0
264,300,15,0
264,312,15,0
276,0,15,0
276,12,15,0
276,24,15,0
276,36,15,0
276,48,15,0
276,60,15,0
276,72,15,0
276,84,15,0
276,96,15,0
276,108,15,0
276,120,15,0
276,132,15,0
276,144,15,0
276,156,15,0
276,168,15,0
276,180,15,0
276,192,15,0
276,204,15,0
276,216,15,0
276,228,15,0
276,240,15,0
276,252,15,0
276,264,15,0
276,276,15,0
276,288,15,0
276,300,15,0
276,312,15,0
288,0,15,0
288,12,15,0
288,24,15,0
288,36,15,0
288,48,15,0
288,60,15,0
288,72,15,0
288,84,15,0
288,96,15,0
288,108,15,0
288,120,15,0
288,132,15,0
288,144,15,0
288,156,15,0
288,168,15,0
288,180,15,0
288,192,15,0
288,204,15,0
288,216,15,0
288,228,15,0
288,240,15,0
288,252,15,0
288,264,15,0
288,276,15,0
288,288,15,0
288,300,15,0
288,312,15,0
300,0,15,0
300,12,15,0
300,24,15,0
300,36,15,0
300,48,15,0
300,60,15,0
300,72,15,0
300,84,15,0
300,96,15,0
300,108,15,0
300,120,15,0
300,132,15,0
300,144,15,0
300,156,15,0
300,168,15,0
300,180,15,0
300,192,15,0
300,204,15,0
300,216,15,0
300,228,15,0
300,240,15,0
300,252,15,0
300,264,15,0
300,276,15,0
300,288,15,0
300,300,15,0
300,312,15,0
312,0,15,0
312,12,15,0
312,24,15,0
312,36,15,0
312,48,15,0
312,60,15,0
312,72,15,0
312,84,15,0
312,96,15,0
312,108,15,0
312,120,15,0
312,132,15,0
312,144,15,0
312,156,15,0
312,168,15,0
312,180,15,0
312,192,15,0
312,204,15,0
312,216,15,0
312,228,15,0
312,240,15,0
312,252,15,0
312,264,15,0
312,276,15,0
312,288,15,0
312,300,15,0
312,312,15,0
0,0,15,1
0,12,15,1
0,24,15,1
0,36,15,1
0,48,15,1
0,60,15,1
0,72,15,1
0,84,15,1
0,96,15,1
0,108,15,1
0,120,15,1
0,132,15,1
0,144,15,1
0,156,15,1
0,168,15,1
0,180,15,1
0,192,15,1
0,204,15,1
0,216,15,1
0,228,15,1
0,240,15,1
0,252,15,1
0,264,15,1
0,276,15,1
0,288,15,1
0,300,15,1
0,312,15,1
12,0,15,1
12,12,15,1
12,24,15,1
12,36,15,1
12,48,15,1
12,60,15,1
12,72,15,1
12,84,15,1
12,96,15,1
12,108,15,1
12,120,15,1
12,132,15,1
12,144,15,1
12,156,15,1
12,168,15,1
12,180,15,1
12,192,15,1
12,204,15,1
12,216,15,1
12,228,15,1
12,240,15,1
12,252,15,1
12,264,15,1
12,276,15,1
12,288,15,1
12,300,15,1
12,312,15,1
24,0,15,1
24,12,15,1
24,24,15,1
24,36,15,1
24,48,15,1
24,60,15,1
24,72,15,1
24,84,15,1
24,96,15,1
24,108,15,1
24,120,15,1
24,132,15,1
24,144,15,1
24,156,15,1
24,168,15,1
24,180,15,1
24,192,15,1
24,204,15,1
24,216,15,1
24,228,15,1
24,240,15,1
24,252,15,1
24,264,15,1
24,276,15,1
24,288,15,1
24,300,15,1
24,312,15,1
36,0,15,1
36,12,15,1
36,24,15,1
36,36,15,1
36,48,15,1
36,60,15,1
36,72,15,1
36,84,15,1
36,96,15,1
36,108,15,1
36,120,15,1
36,132,15,1
36,144,15,1
36,156,15,1
36,168,15,1
36,180,15,1
36,192,15,1
36,204,15,1
36,216,15,1
36,228,15,1
36,240,15,1
36,252,15,1
36,264,15,1
36,276,15,1
36,288,15,1
36,300,15,1
36,312,15,1
48,0,15,1
48,12,15,1
48,24,15,1
48,36,15,1
48,48,15,1
48,60,15,1
48,72,15,1
48,84,15,1
48,96,15,1
48,108,15,1
48,120,15,1
48,132,15,1
48,144,15,1
48,156,15,1
48,168,15,1
48,180,15,1
48,192,15,1
48,204,15,1
48,216,15,1
48,228,15,1
48,240,15,1
48,252,15,1
48,264,15,1
48,276,15,1
48,288,15,1
48,300,15,1
48,312,15,1
60,0,15,1
60,12,15,1
60,24,15,1
60,36,15,1
60,48,15,1
60,60,15,1
60,72,15,1
60,84,15,1
60,96,15,1
60,108,15,1
60,120,15,1
60,132,15,1
60,144,15,1
60,156,15,1
60,168,15,1
60,180,15,1
60,192,15,1
60,204,15,1
60,216,15,1
60,228,15,1
60,240,15,1
60,252,15,1
60,264,15,1
60,276,15,1
60,288,15,1
60,300,15,1
60,312,15,1
72,0,15,1
72,12,15,1
72,24,15,1
72,36,15,1
72,48,15,1
72,60,15,1
72,72,15,1
72,84,15,1
72,96,15,1
72,108,15,1
72,120,15,1
72,132,15,1
72,144,15,1
72,156,15,1
72,168,15,1
72,180,15,1
72,192,15,1
72,204,15,1
72,216,15,1
72,228,15,1
72,240,15,1
72,252,15,1
72,264,15,1
72,276,15,1
72,288,15,1
72,300,15,1
72,312,15,1
84,0,15,1
84,12,15,1
84,24,15,1
84,36,15,1
84,48,15,1
84,60,15,1
84,72,15,1
84,84,15,1
84,96,15,1
84,108,15,1
84,120,15,1
84,132,15,1
84,144,15,1
84,156,15,1
84,168,15,1
84,180,15,1
84,192,15,1
84,204,15,1
84,216,15,1
84,228,15,1
84,240,15,1
84,252,15,1
84,264,15,1
84,276,15,1
84,288,15,1
84,300,15,1
84,312,15,1
96,0,15,1
96,12,15,1
96,24,15,1
96,36,15,1
96,48,15,1
96,60,15,1
96,72,15,1
96,84,15,1
96,96,15,1
96,108,15,1
96,120,15,1
96,132,15,1
96,144,15,1
96,156,15,1
96,168,15,1
96,180,15,1
96,192,15,1
96,204,15,1
96,216,15,1
96,228,15,1
96,240,15,1
96,252,15,1
96,264,15,1
96,276,15,1
96,288,15,1
96,300,15,1
96,312,15,1
108,0,15,1
108,12,15,1
108,24,15,1
108,36,15,1
108,48,15,1
108,60,15,1
108,72,15,1
108,84,15,1
108,96,15,1
108,108,15,1
108,120,15,1
108,132,15,1
108,144,15,1
108,156,15,1
108,168,15,1
108,180,15,1
108,192,15,1
108,204,15,1
108,216,15,1
108,228,15,1
108,240,15,1
108,252,15,1
108,264,15,1
108,276,15,1
108,288,15,1
108,300,15,1
108,312,15,1
120,0,15,1
120,12,15,1
120,24,15,1
120,36,15,1
120,48,15,1
120,60,15,1
120,72,15,1
120,84,15,1
120,96,15,1
120,108,15,1
120,120,15,1
120,132,15,1
120,144,15,1
120,156,15,1
120,168,15,1
120,180,15,1
120,192,15,1
120,204,15,1
120,216,15,1
120,228,15,1
120,240,15,1
120,252,15,1
120,264,15,1
120,276,15,1
120,288,15,1
120,300,15,1
120,312,15,1
132,0,15,1
132,12,15,1
132,24,15,1
132,36,15,1
132,48,15,1
132,60,15,1
132,72,15,1
132,84,15,1
132,96,15,1
132,108,15,1
132,120,15,1
132,132,15,1
132,144,15,1
132,156,15,1
132,168,15,1
132,180,15,1
132,192,15,1
132,204,15,1
132,216,15,1
132,228,15,1
132,240,15,1
132,252,15,1
132,264,15,1
132,276,15,1
132,288,15,1
132,300,15,1
132,312,15,1
144,0,15,1
144,12,15,1
144,24,15,1
144,36,15,1
144,48,15,1
144,60,15,1
144,72,15,1
144,84,15,1
144,96,15,1
144,108,15,1
144,120,15,1
144,132,15,1
144,144,15,1
144,156,15,1
144,168,15,1
144,180,15,1
144,192,15,1
144,204,15,1
144,216,15,1
144,228,15,1
144,240,15,1
144,252,15,1
144,264,15,1
144,276,15,1
144,288,15,1
144,300,15,1
144,312,15,1
156,0,15,1
156,12,15,1
156,24,15,1
156,36,15,1
156,48,15,1
156,60,15,1
156,72,15,1
156,84,15,1
156,96,15,1
156,108,15,1
156,120,15,1
156,132,15,1
156,144,15,1
156,156,15,1
156,168,15,1
156,180,15,1
156,192,15,1
156,204,15,1
156,216,15,1
156,228,15,1
156,240,15,1
156,252,15,1
156,264,15,1
156,276,15,1
156,288,15,1
156,300,15,1
156,312,15,1
168,0,15,1
168,12,15,1
168,24,15,1
168,36,15,1
168,48,15,1
168,60,15,1
168,72,15,1
168,84,15,1
168,96,15,1
168,108,15,1
168,120,15,1
168,132,15,1
168,144,15,1
168,156,15,1
168,168,15,1
168,180,15,1
168,192,15,1
168,204,15,1
168,216,15,1
168,228,15,1
168,240,15,1
168,252,15,1
168,264,15,1
168,276,15,1
168,288,15,1
168,300,15,1
168,312,15,1
180,0,15,1
180,12,15,1
180,24,15,1
180,36,15,1
180,48,15,1
180,60,15,1
180,72,15,1
180,84,15,1
180,96,15,1
180,108,15,1
180,120,15,1
180,132,15,1
180,144,15,1
180,156,15,1
180,168,15,1
180,180,15,1
180,192,15,1
180,204,15,1
180,216,15,1
180,228,15,1
180,240,15,1
180,252,15,1
180,264,15,1
180,276,15,1
180,288,15,1
180,300,15,1
180,312,15,1
192,0,15,1
192,12,15,1
192,24,15,1
192,36,15,1
192,48,15,1
192,60,15,1
192,72,15,1
192,84,15,1
192,96,15,1
192,108,15,1
192,120,15,1
192,132,15,1
192,144,15,1
192,156,15,1
192,168,15,1
192,180,15,1
192,192,15,1
192,204,15,1
192,216,15,1
192,228,15,1
192,240,15,1
192,252,15,1
192,264,15,1
192,276,15,1
192,288,15,1
192,300,15,1
192,312,15,1
204,0,15,1
204,12,15,1
204,24,15,1
204,36,15,1
204,48,15,1
204,60,15,1
204,72,15,1
204,84,15,1
204,96,15,1
204,108,15,1
204,120,15,1
204,132,15,1
204,144,15,1
204,156,15,1
204,168,15,1
204,180,15,1
204,192,15,1
204,204,15,1
204,216,15,1
204,228,15,1
204,240,15,1
204,252,15,1
204,264,15,1
204,276,15,1
204,288,15,1
204,300,15,1
204,312,15,1
216,0,15,1
216,12,15,1
216,24,15,1
216,36,15,1
216,48,15,1
216,60,15,1
216,72,15,1
216,84,15,1
216,96,15,1
216,108,15,1
216,120,15,1
216,132,15,1
216,144,15,1
216,156,15,1
216,168,15,1
216,180,15,1
216,192,15,1
216,204,15,1
216,216,15,1
216,228,15,1
216,240,15,1
216,252,15,1
216,264,15,1
216,276,15,1
216,288,15,1
216,300,15,1
216,312,15,1
228,0,15,1
228,12,15,1
228,24,15,1
228,36,15,1
228,48,15,1
228,60,15,1
228,72,15,1
228,84,15,1
228,96,15,1
228,108,15,1
228,120,15,1
228,132,15,1
228,144,15,1
228,156,15,1
228,168,15,1
228,180,15,1
228,192,15,1
228,204,15,1
228,216,15,1
228,228,15,1
228,240,15,1
228,252,15,1
228,264,15,1
228,276,15,1
228,288,15,1
228,300,15,1
228,312,15,1
240,0,15,1
240,12,15,1
240,24,15,1
240,36,15,1
240,48,15,1
240,60,15,1
240,72,15,1
240,84,15,1
240,96,15,1
240,108,15,1
240,120,15,1
240,132,15,1
240,144,15,1
240,156,15,1
240,168,15,1
240,180,15,1
240,192,15,1
240,204,15,1
240,216,15,1
240,228,15,1
240,240,15,1
240,252,15,1
240,264,15,1
240,276,15,1
240,288,15,1
240,300,15,1
240,312,15,1
252,0,15,1
252,12,15,1
252,24,15,1
252,36,15,1
252,48,15,1
252,60,15,1
252,72,15,1
252,84,15,1
252,96,15,1
252,108,15,1
252,120,15,1
252,132,15,1
252,144,15,1
252,156,15,1
252,168,15,1
252,180,15,1
252,192,15,1
252,204,15,1
252,216,15,1
252,228,15,1
252,240,15,1
252,252,15,1
252,264,15,1
252,276,15,1
252,288,15,1
252,300,15,1
252,312,15,1
264,0,15,1
264,12,15,1
264,24,15,1
264,36,15,1
264,48,15,1
264,60,15,1
264,72,15,1
264,84,15,1
264,96,15,1
264,108,15,1
264,120,15,1
264,132,15,1
264,144,15,1
264,156,15,1
264,168,15,1
264,180,15,1
264,192,15,1
264,204,15,1
264,216,15,1
264,228,15,1
264,240,15,1
264,252,15,1
264,264,15,1
264,276,15,1
264,288,15,1
264,300,15,1
264,312,15,1
276,0,15,1
276,12,15,1
276,24,15,1
276,36,15,1
276,48,15,1
276,60,15,1
276,72,15,1
276,84,15,1
276,96,15,1
276,108,15,1
276,120,15,1
276,132,15,1
276,144,15,1
276,156,15,1
276,168,15,1
276,180,15,1
276,192,15,1
276,204,15,1
276,216,15,1
276,228,15,1
276,240,15,1
276,252,15,1
276,264,15,1
276,276,15,1
276,288,15,1
276,300,15,1
276,312,15,1
288,0,15,1
288,12,15,1
288,24,15,1
288,36,15,1
288,48,15,1
288,60,15,1
288,72,15,1
288,84,15,1
288,96,15,1
288,108,15,1
288,120,15,1
288,132,15,1
288,144,15,1
288,156,15,1
288,168,15,1
288,180,15,1
288,192,15,1
288,204,15,1
288,216,15,1
288,228,15,1
288,240,15,1
288,252,15,1
288,264,15,1
288,276,15,1
288,288,15,1
288,300,15,1
288,312,15,1
300,0,15,1
300,12,15,1
300,24,15,1
300,36,15,1
300,48,15,1
300,60,15,1
300,72,15,1
300,84,15,1
300,96,15,1
300,108,15,1
300,120,15,1
300,132,15,1
300,144,15,1
300,156,15,1
300,168,15,1
300,180,15,1
300,192,15,1
300,204,15,1
300,216,15,1
300,228,15,1
300,240,15,1
300,252,15,1
300,264,15,1
300,276,15,1
300,288,15,1
300,300,15,1
300,312,15,1
312,0,15,1
312,12,15,1
312,24,15,1
312,36,15,1
312,48,15,1
312,60,15,1
312,72,15,1
312,84,15,1
312,96,15,1
312,108,15,1
312,120,15,1
312,132,15,1
312,144,15,1
312,156,15,1
312,168,15,1
312,180,15,1
312,192,15,1
312,204,15,1
312,216,15,1
312,228,15,1
312,240,15,1
312,252,15,1
312,264,15,1
312,276,15,1
312,288,15,1
312,300,15,1
312,312,15,1
0,0,15,2
0,12,15,2
0,24,15,2
0,36,15,2
0,48,15,2
0,60,15,2
0,72,15,2
0,84,15,2
0,96,15,2
0,108,15,2
0,120,15,2
0,132,15,2
0,144,15,2
0,156,15,2
0,168,15,2
0,180,15,2
0,192,15,2
0,204,15,2
0,216,15,2
0,228,15,2
0,240,15,2
0,252,15,2
0,264,15,2
0,276,15,2
0,288,15,2
0,300,15,2
0,312,15,2
12,0,15,2
12,12,15,2
12,24,15,2
12,36,15,2
12,48,15,2
12,60,15,2
12,72,15,2
12,84,15,2
12,96,15,2
12,108,15,2
12,120,15,2
12,132,15,2
12,144,15,2
12,156,15,2
12,168,15,2
12,180,15,2
12,192,15,2
12,204,15,2
12,216,15,2
12,228,15,2
12,240,15,2
12,252,15,2
12,264,15,2
12,276,15,2
12,288,15,2
12,300,15,2
12,312,15,2
24,0,15,2
24,12,15,2
24,24,15,2
24,36,15,2
24,48,15,2
24,60,15,2
24,72,15,2
24,84,15,2
24,96,15,2
24,108,15,2
24,120,15,2
24,132,15,2
24,144,15,2
24,156,15,2
24,168,15,2
24,180,15,2
24,192,15,2
24,204,15,2
24,216,15,2
24,228,15,2
24,240,15,2
24,252,15,2
24,264,15,2
24,276,15,2
24,288,15,2
24,300,15,2
24,312,15,2
36,0,15,2
36,12,15,2
36,24,15,2
36,36,15,2
36,48,15,2
36,60,15,2
36,72,15,2
36,84,15,2
36,96,15,2
36,108,15,2
36,120,15,2
36,132,15,2
36,144,15,2
36,156,15,2
36,168,15,2
36,180,15,2
36,192,15,2
36,204,15,2
36,216,15,2
36,228,15,2
36,240,15,2
36,252,15,2
36,264,15,2
36,276,15,2
36,288,15,2
36,300,15,2
36,312,15,2
48,0,15,2
48,12,15,2
48,24,15,2
48,36,15,2
48,48,15,2
48,60,15,2
48,72,15,2
48,84,15,2
48,96,15,2
48,108,15,2
48,120,15,2
48,132,15,2
48,144,15,2
48,156,15,2
48,168,15,2
48,180,15,2
48,192,15,2
48,204,15,2
48,216,15,2
48,228,15,2
48,240,15,2
48,252,15,2
48,264,15,2
48,276,15,2
48,288,15,2
48,300,15,2
48,312,15,2
60,0,15,2
60,12,15,2
60,24,15,2
60,36,15,2
60,48,15,2
60,60,15,2
60,72,15,2
60,84,15,2
60,96,15,2
60,108,15,2
60,120,15,2
60,132,15,2
60,144,15,2
60,156,15,2
60,168,15,2
60,180,15,2
60,192,15,2
60,204,15,2
60,216,15,2
60,228,15,2
60,240,15,2
60,252,15,2
60,264,15,2
60,276,15,2
60,288,15,2
60,300,15,2
60,312,15,2
72,0,15,2
72,12,15,2
72,24,15,2
72,36,15,2
72,48,15,2
72,60,15,2
72,72,15,2
72,84,15,2
72,96,15,2
72,108,15,2
72,120,15,2
72,132,15,2
72,144,15,2
72,156,15,2
72,168,15,2
72,180,15,2
72,192,15,2
72,204,15,2
72,216,15,2
72,228,15,2
72,240,15,2
72,252,15,2
72,264,15,2
72,276,15,2
72,288,15,2
72,300,15,2
72,312,15,2
84,0,15,2
84,12,15,2
84,24,15,2
84,36,15,2
84,48,15,2
84,60,15,2
84,72,15,2
84,84,15,2
84,96,15,2
84,108,15,2
84,120,15,2
84,132,15,2
84,144,15,2
84,156,15,2
84,168,15,2
84,180,15,2
84,192,15,2
84,204,15,2
84,216,15,2
84,228,15,2
84,240,15,2
84,252,15,2
84,264,15,2
84,276,15,2
84,288,15,2
84,300,15,2
84,312,15,2
96,0,15,2
96,12,15,2
96,24,15,2
96,36,15,2
96,48,15,2
96,60,15,2
96,72,15,2
96,84,15,2
96,96,15,2
96,108,15,2
96,120,15,2
96,132,15,2
96,144,15,2
96,156,15,2
96,168,15,2
96,180,15,2
96,192,15,2
96,204,15,2
96,216,15,2
96,228,15,2
96,240,15,2
96,252,15,2
96,264,15,2
96,276,15,2
96,288,15,2
96,300,15,2
96,312,15,2
108,0,15,2
108,12,15,2
108,24,15,2
108,36,15,2
108,48,15,2
108,60,15,2
108,72,15,2
108,84,15,2
108,96,15,2
108,108,15,2
108,120,15,2
108,132,15,2
108,144,15,2
108,156,15,2
108,168,15,2
108,180,15,2
108,192,15,2
108,204,15,2
108,216,15,2
108,228,15,2
108,240,15,2
108,252,15,2
108,264,15,2
108,276,15,2
108,288,15,2
108,300,15,2
108,312,15,2
120,0,15,2
120,12,15,2
120,24,15,2
120,36,15,2
120,48,15,2
120,60,15,2
120,72,15,2
120,84,15,2
120,96,15,2
120,108,15,2
120,120,15,2
120,132,15,2
120,144,15,2
120,156,15,2
120,168,15,2
120,180,15,2
120,192,15,2
120,204,15,2
120,216,15,2
120,228,15,2
120,240,15,2
120,252,15,2
120,264,15,2
120,276,15,2
120,288,15,2
120,300,15,2
120,312,15,2
132,0,15,2
132,12,15,2
132,24,15,2
132,36,15,2
132,48,15,2
132,60,15,2
132,72,15,2
132,84,15,2
132,96,15,2
132,108,15,2
132,120,15,2
132,132,15,2
132,144,15,2
132,156,15,2
132,168,15,2
132,180,15,2
132,192,15,2
132,204,15,2
132,216,15,2
132,228,15,2
132,240,15,2
132,252,15,2
132,264,15,2
132,276,15,2
132,288,15,2
132,300,15,2
132,312,15,2
144,0,15,2
144,12,15,2
144,24,15,2
144,36,15,2
144,48,15,2
144,60,15,2
144,72,15,2
144,84,15,2
144,96,15,2
144,108,15,2
144,120,15,2
144,132,15,2
144,144,15,2
144,156,15,2
144,168,15,2
144,180,15,2
144,192,15,2
144,204,15,2
144,216,15,2
144,228,15,2
144,240,15,2
144,252,15,2
144,264,15,2
144,276,15,2
144,288,15,2
144,300,15,2
144,312,15,2
156,0,15,2
156,12,15,2
156,24,15,2
156,36,15,2
156,48,15,2
156,60,15,2
156,72,15,2
156,84,15,2
156,96,15,2
156,108,15,2
156,120,15,2
156,132,15,2
156,144,15,2
156,156,15,2
156,168,15,2
156,180,15,2
156,192,15,2
156,204,15,2
156,216,15,2
156,228,15,2
156,240,15,2
156,252,15,2
156,264,15,2
156,276,15,2
156,288,15,2
156,300,15,2
156,312,15,2
168,0,15,2
168,12,15,2
168,24,15,2
168,36,15,2
168,48,15,2
168,60,15,2
168,72,15,2
168,84,15,2
168,96,15,2
168,108,15,2
168,120,15,2
168,132,15,2
168,144,15,2
168,156,15,2
168,168,15,2
168,180,15,2
168,192,15,2
168,204,15,2
168,216,15,2
168,228,15,2
168,240,15,2
168,252,15,2
168,264,15,2
168,276,15,2
168,288,15,2
168,300,15,2
168,312,15,2
180,0,15,2
180,12,15,2
180,24,15,2
180,36,15,2
180,48,15,2
180,60,15,2
180,72,15,2
180,84,15,2
180,96,15,2
180,108,15,2
180,120,15,2
180,132,15,2
180,144,15,2
180,156,15,2
180,168,15,2
180,180,15,2
180,192,15,2
180,204,15,2
180,216,15,2
180,228,15,2
180,240,15,2
180,252,15,2
180,264,15,2
180,276,15,2
180,288,15,2
180,300,15,2
180,312,15,2
192,0,15,2
192,12,15,2
192,24,15,2
192,36,15,2
192,48,15,2
192,60,15,2
192,72,15,2
192,84,15,2
192,96,15,2
192,108,15,2
192,120,15,2
192,132,15,2
192,144,15,2
192,156,15,2
192,168,15,2
192,180,15,2
192,192,15,2
192,204,15,2
192,216,15,2
192,228,15,2
192,240,15,2
192,252,15,2
192,264,15,2
192,276,15,2
192,288,15,2
192,300,15,2
192,312,15,2
204,0,15,2
204,12,15,2
204,24,15,2
204,36,15,2
204,48,15,2
204,60,15,2
204,72,15,2
204,84,15,2
204,96,15,2
204,108,15,2
204,120,15,2
204,132,15,2
204,144,15,2
204,156,15,2
204,168,15,2
204,180,15,2
204,192,15,2
204,204,15,2
204,216,15,2
204,228,15,2
204,240,15,2
204,252,15,2
204,264,15,2
204,276,15,2
204,288,15,2
204,300,15,2
204,312,15,2
216,0,15,2
216,12,15,2
216,24,15,2
216,36,15,2
216,48,15,2
216,60,15,2
216,72,15,2
216,84,15,2
216,96,15,2
216,108,15,2
216,120,15,2
216,132,15,2
216,144,15,2
216,156,15,2
216,168,15,2
216,180,15,2
216,192,15,2
216,204,15,2
216,216,15,2
216,228,15,2
216,240,15,2
216,252,15,2
216,264,15,2
216,276,15,2
216,288,15,2
216,300,15,2
216,312,15,2
228,0,15,2
228,12,15,2
228,24,15,2
228,36,15,2
228,48,15,2
228,60,15,2
228,72,15,2
228,84,15,2
228,96,15,2
228,108,15,2
228,120,15,2
228,132,15,2
228,144,15,2
228,156,15,2
228,168,15,2
228,180,15,2
228,192,15,2
228,204,15,2
228,216,15,2
228,228,15,2
228,240,15,2
228,252,15,2
228,264,15,2
228,276,15,2
228,288,15,2
228,300,15,2
228,312,15,2
240,0,15,2
240,12,15,2
240,24,15,2
240,36,15,2
240,48,15,2
240,60,15,2
240,72,15,2
240,84,15,2
240,96,15,2
240,108,15,2
240,120,15,2
240,132,15,2
240,144,15,2
240,156,15,2
240,168,15,2
240,180,15,2
240,192,15,2
240,204,15,2
240,216,15,2
240,228,15,2
240,240,15,2
240,252,15,2
240,264,15,2
240,276,15,2
240,288,15,2
240,300,15,2
240,312,15,2
252,0,15,2
252,12,15,2
252,24,15,2
252,36,15,2
252,48,15,2
252,60,15,2
252,72,15,2
252,84,15,2
252,96,15,2
252,108,15,2
252,120,15,2
252,132,15,2
252,144,15,2
252,156,15,2
252,168,15,2
252,180,15,2
252,192,15,2
252,204,15,2
252,216,15,2
252,228,15,2
252,240,15,2
252,252,15,2
252,264,15,2
252,276,15,2
252,288,15,2
252,300,15,2
252,312,15,2
264,0,15,2
264,12,15,2
264,24,15,2
264,36,15,2
264,48,15,2
264,60,15,2
264,72,15,2
264,84,15,2
264,96,15,2
264,108,15,2
264,120,15,2
264,132,15,2
264,144,15,2
264,156,15,2
264,168,15,2
264,180,15,2
264,192,15,2
264,204,15,2
264,216,15,2
264,228,15,2
264,240,15,2
264,252,15,2
264,264,15,2
264,276,15,2
264,288,15,2
264,300,15,2
264,312,15,2
276,0,15,2
276,12,15,2
276,24,15,2
276,36,15,2
276,48,15,2
276,60,15,2
276,72,15,2
276,84,15,2
276,96,15,2
276,108,15,2
276,120,15,2
276,132,15,2
276,144,15,2
276,156,15,2
276,168,15,2
276,180,15,2
276,192,15,2
276,204,15,2
276,216,15,2
276,228,15,2
276,240,15,2
276,252,15,2
276,264,15,2
276,276,15,2
276,288,15,2
276,300,15,2
276,312,15,2
288,0,15,2
288,12,15,2
288,24,15,2
288,36,15,2
288,48,15,2
288,60,15,2
288,72,15,2
288,84,15,2
288,96,15,2
288,108,15,2
288,120,15,2
288,132,15,2
288,144,15,2
288,156,15,2
288,168,15,2
288,180,15,2
288,192,15,2
288,204,15,2
288,216,15,2
288,228,15,2
288,240,15,2
288,252,15,2
288,264,15,2
288,276,15,2
288,288,15,2
288,300,15,2
288,312,15,2
300,0,15,2
300,12,15,2
300,24,15,2
300,36,15,2
300,48,15,2
300,60,15,2
300,72,15,2
300,84,15,2
300,96,15,2
300,108,15,2
300,120,15,2
300,132,15,2
300,144,15,2
300,156,15,2
300,168,15,2
300,180,15,2
300,192,15,2
300,204,15,2
300,216,15,2
300,228,15,2
300,240,15,2
300,252,15,2
300,264,15,2
300,276,15,2
300,288,15,2
300,300,15,2
300,312,15,2
312,0,15,2
312,12,15,2
312,24,15,2
312,36,15,2
312,48,15,2
312,60,15,2
312,72,15,2
312,84,15,2
312,96,15,2
312,108,15,2
312,120,15,2
312,132,15,2
312,144,15,2
312,156,15,2
312,168,15,2
312,180,15,2
312,192,15,2
312,204,15,2
312,216,15,2
312,228,15,2
312,240,15,2
312,252,15,2
312,264,15,2
312,276,15,2
312,288,15,2
312,300,15,2
312,312,15,2
0,0,15,3
0,12,15,3
0,24,15,3
0,36,15,3
0,48,15,3
0,60,15,3
0,72,15,3
0,84,15,3
0,96,15,3
0,108,15,3
0,120,15,3
0,132,15,3
0,144,15,3
0,156,15,3
0,168,15,3
0,180,15,3
0,192,15,3
0,204,15,3
0,216,15,3
0,228,15,3
0,240,15,3
0,252,15,3
0,264,15,3
0,276,15,3
0,288,15,3
0,300,15,3
0,312,15,3
12,0,15,3
12,12,15,3
12,24,15,3
12,36,15,3
12,48,15,3
12,60,15,3
12,72,15,3
12,84,15,3
12,96,15,3
12,108,15,3
12,120,15,3
12,132,15,3
12,144,15,3
12,156,15,3
12,168,15,3
12,180,15,3
12,192,15,3
12,204,15,3
12,216,15,3
12,228,15,3
12,240,15,3
12,252,15,3
12,264,15,3
12,276,15,3
12,288,15,3
12,300,15,3
12,312,15,3
24,0,15,3
24,12,15,3
24,24,15,3
24,36,15,3
24,48,15,3
24,60,15,3
24,72,15,3
24,84,15,3
24,96,15,3
24,108,15,3
24,120,15,3
24,132,15,3
24,144,15,3
24,156,15,3
24,168,15,3
24,180,15,3
24,192,15,3
24,204,15,3
24,216,15,3
24,228,15,3
24,240,15,3
24,252,15,3
24,264,15,3
24,276,15,3
24,288,15,3
24,300,15,3
24,312,15,3
36,0,15,3
36,12,15,3
36,24,15,3
36,36,12,3
36,48,12,3
36,60,15,3
36,72,15,3
36,84,15,3
36,96,15,3
36,108,15,3
36,120,15,3
36,132,15,3
36,144,15,3
36,156,15,3
36,168,15,3
36,180,15,3
36,192,15,3
36,204,15,3
36,216,15,3
36,228,15,3
36,240,15,3
36,252,15,3
36,264,15,3
36,276,15,3
36,288,15,3
36,300,15,3
36,312,15,3
48,0,15,3
48,12,15,3
48,24,15,3
48,36,12,3
48,48,12,3
48,60,15,3
48,72,15,3
48,84,15,3
48,96,15,3
48,108,15,3
48,120,15,3
48,132,15,3
48,144,15,3
48,156,15,3
48,168,15,3
48,180,15,3
48,192,15,3
48,204,15,3
48,216,15,3
48,228,15,3
48,240,15,3
48,252,15,3
48,264,15,3
48,276,15,3
48,288,15,3
48,300,15,3
48,312,15,3
60,0,15,3
60,12,15,3
60,24,15,3
60,36,15,3
60,48,15,3
60,60,15,3
60,72,15,3
60,84,15,3
60,96,15,3
60,108,15,3
60,120,15,3
60,132,15,3
60,144,15,3
60,156,15,3
60,168,15,3
60,180,15,3
60,192,15,3
60,204,15,3
60,216,15,3
60,228,15,3
60,240,15,3
60,252,15,3
60,264,15,3
60,276,15,3
60,288,15,3
60,300,15,3
60,312,15,3
72,0,15,3
72,12,15,3
72,24,15,3
72,36,15,3
72,48,15,3
72,60,15,3
72,72,15,3
72,84,15,3
72,96,15,3
72,108,15,3
72,120,15,3
72,132,15,3
72,144,15,3
72,156,15,3
72,168,15,3
72,180,15,3
72,192,15,3
72,204,15,3
72,216,15,3
72,228,15,3
72,240,15,3
72,252,15,3
72,264,15,3
72,276,15,3
72,288,15,3
72,300,15,3
72,312,15,3
84,0,15,3
84,12,15,3
84,24,15,3
84,36,15,3
84,48,15,3
84,60,15,3
84,72,15,3
84,84,15,3
84,96,15,3
84,108,15,3
84,120,15,3
84,132,15,3
84,144,15,3
84,156,15,3
84,168,15,3
84,180,15,3
84,192,15,3
84,204,15,3
84,216,15,3
84,228,15,3
84,240,15,3
84,252,15,3
84,264,15,3
84,276,15,3
84,288,15,3
84,300,15,3
84,312,15,3
96,0,15,3
96,12,15,3
96,24,15,3
96,36,15,3
96,48,15,3
96,60,15,3
96,72,15,3
96,84,15,3
96,96,15,3
96,108,15,3
96,120,15,3
96,132,15,3
96,144,15,3
96,156,15,3
96,168,15,3
96,180,15,3
96,192,15,3
96,204,15,3
96,216,15,3
96,228,15,3
96,240,15,3
96,252,15,3
96,264,15,3
96,276,15,3
96,288,15,3
96,300,15,3
96,312,15,3
108,0,15,3
108,12,15,3
108,24,15,3
108,36,15,3
108,48,15,3
108,60,15,3
108,72,15,3
108,84,15,3
108,96,15,3
108,108,15,3
108,120,15,3
108,132,15,3
108,144,15,3
108,156,15,3
108,168,15,3
108,180,15,3
108,192,15,3
108,204,15,3
108,216,15,3
108,228,15,3
108,240,15,3
108,252,15,3
108,264,15,3
108,276,15,3
108,288,15,3
108,300,15,3
108,312,15,3
120,0,15,3
120,12,15,3
120,24,15,3
120,36,15,3
120,48,15,3
120,60,15,3
120,72,15,3
120,84,15,3
120,96,15,3
120,108,15,3
120,120,15,3
120,132,15,3
120,144,15,3
120,156,15,3
120,168,15,3
120,180,15,3
120,192,15,3
120,204,15,3
120,216,15,3
120,228,15,3
120,240,15,3
120,252,15,3
120,264,15,3
120,276,15,3
120,288,15,3
120,300,15,3
120,312,15,3
132,0,15,3
132,12,15,3
132,24,15,3
132,36,15,3
132,48,15,3
132,60,15,3
132,72,15,3
132,84,15,3
132,96,15,3
132,108,15,3
132,120,15,3
132,132,15,3
132,144,15,3
132,156,15,3
132,168,15,3
132,180,15,3
132,192,15,3
132,204,15,3
132,216,15,3
132,228,15,3
132,240,15,3
132,252,15,3
132,264,15,3
132,276,15,3
132,288,15,3
132,300,15,3
132,312,15,3
144,0,15,3
144,12,15,3
144,24,15,3
144,36,15,3
144,48,15,3
144,60,15,3
144,72,15,3
144,84,15,3
144,96,15,3
144,108,15,3
144,120,15,3
144,132,15,3
144,144,15,3
144,156,15,3
144,168,15,3
144,180,15,3
144,192,15,3
144,204,15,3
144,216,15,3
144,228,15,3
144,240,15,3
144,252,15,3
144,264,15,3
144,276,15,3
144,288,15,3
144,300,15,3
144,312,15,3
156,0,15,3
156,12,15,3
156,24,15,3
156,36,15,3
156,48,15,3
156,60,15,3
156,72,15,3
156,84,15,3
156,96,15,3
156,108,15,3
156,120,15,3
156,132,15,3
156,144,15,3
156,156,15,3
156,168,15,3
156,180,15,3
156,192,15,3
156,204,15,3
156,216,15,3
156,228,15,3
156,240,15,3
156,252,15,3
156,264,15,3
156,276,15,3
156,288,15,3
156,300,15,3
156,312,15,3
168,0,15,3
168,12,15,3
168,24,15,3
168,36,15,3
168,48,15,3
168,60,15,3
168,72,15,3
168,84,15,3
168,96,15,3
168,108,15,3
168,120,15,3
168,132,15,3
168,144,15,3
168,156,15,3
168,168,15,3
168,180,15,3
168,192,15,3
168,204,15,3
168,216,15,3
168,228,15,3
168,240,15,3
168,252,15,3
168,264,15,3
168,276,15,3
168,288,15,3
168,300,15,3
168,312,15,3
180,0,15,3
180,12,15,3
180,24,15,3
180,36,15,3
180,48,15,3
180,60,15,3
180,72,15,3
180,84,15,3
180,96,15,3
180,108,15,3
180,120,15,3
180,132,15,3
180,144,15,3
180,156,15,3
180,168,15,3
180,180,15,3
180,192,15,3
180,204,15,3
180,216,15,3
180,228,15,3
180,240,15,3
180,252,15,3
180,264,15,3
180,276,15,3
180,288,15,3
180,300,15,3
180,312,15,3
192,0,15,3
192,12,15,3
192,24,15,3
192,36,15,3
192,48,15,3
192,60,15,3
192,72,15,3
192,84,15,3
192,96,15,3
192,108,15,3
192,120,15,3
192,132,15,3
192,144,15,3
192,156,15,3
192,168,15,3
192,180,15,3
192,192,15,3
192,204,15,3
192,216,15,3
192,228,15,3
192,240,15,3
192,252,15,3
192,264,15,3
192,276,15,3
192,288,15,3
192,300,15,3
192,312,15,3
204,0,15,3
204,12,15,3
204,24,15,3
204,36,15,3
204,48,15,3
204,60,15,3
204,72,15,3
204,84,15,3
204,96,15,3
204,108,15,3
204,120,15,3
204,132,15,3
204,144,15,3
204,156,15,3
204,168,15,3
204,180,15,3
204,192,15,3
204,204,15,3
204,216,15,3
204,228,15,3
204,240,15,3
204,252,15,3
204,264,15,3
204,276,15,3
204,288,15,3
204,300,15,3
204,312,15,3
216,0,15,3
216,12,15,3
216,24,15,3
216,36,15,3
216,48,15,3
216,60,15,3
216,72,15,3
216,84,15,3
216,96,15,3
216,108,15,3
216,120,15,3
216,132,15,3
216,144,15,3
216,156,15,3
216,168,15,3
216,180,15,3
216,192,15,3
216,204,15,3
216,216,15,3
216,228,15,3
216,240,15,3
216,252,15,3
216,264,15,3
216,276,15,3
216,288,15,3
216,300,15,3
216,312,15,3
228,0,15,3
228,12,15,3
228,24,15,3
228,36,15,3
228,48,15,3
228,60,15,3
228,72,15,3
228,84,15,3
228,96,15,3
228,108,15,3
228,120,15,3
228,132,15,3
228,144,15,3
228,156,15,3
228,168,15,3
228,180,15,3
228,192,15,3
228,204,15,3
228,216,15,3
228,228,15,3
228,240,15,3
228,252,15,3
228,264,15,3
228,276,15,3
228,288,15,3
228,300,15,3
228,312,15,3
240,0,15,3
240,12,15,3
240,24,15,3
240,36,15,3
240,48,15,3
240,60,15,3
240,72,15,3
240,84,15,3
240,96,15,3
240,108,15,3
240,120,15,3
240,132,15,3
240,144,15,3
240,156,15,3
240,168,15,3
240,180,15,3
240,192,15,3
240,204,15,3
240,216,15,3
240,228,15,3
240,240,15,3
240,252,15,3
240,264,15,3
240,276,15,3
240,288,15,3
240,300,15,3
240,312,15,3
252,0,15,3
252,12,15,3
252,24,15,3
252,36,15,3
252,48,15,3
252,60,15,3
252,72,15,3
252,84,15,3
252,96,15,3
252,108,15,3
252,120,15,3
252,132,15,3
252,144,15,3
252,156,15,3
252,168,15,3
252,180,15,3
252,192,15,3
252,204,15,3
252,216,15,3
252,228,15,3
252,240,15,3
252,252,15,3
252,264,15,3
252,276,15,3
252,288,15,3
252,300,15,3
252,312,15,3
264,0,15,3
264,12,15,3
264,24,15,3
264,36,15,3
264,48,15,3
264,60,15,3
264,72,15,3
264,84,15,3
264,96,15,3
264,108,15,3
264,120,15,3
264,132,15,3
264,144,15,3
264,156,15,3
264,168,15,3
264,180,15,3
264,192,15,3
264,204,15,3
264,216,15,3
264,228,15,3
264,240,15,3
264,252,15,3
264,264,15,3
264,276,15,3
264,288,15,3
264,300,15,3
264,312,15,3
276,0,15,3
276,12,15,3
276,24,15,3
276,36,15,3
276,48,15,3
276,60,15,3
276,72,15,3
276,84,15,3
276,96,15,3
276,108,15,3
276,120,15,3
276,132,15,3
276,144,15,3
276,156,15,3
276,168,15,3
276,180,15,3
276,192,15,3
276,204,15,3
276,216,15,3
276,228,15,3
276,240,15,3
276,252,15,3
276,264,15,3
276,276,15,3
276,288,15,3
276,300,15,3
276,312,15,3
288,0,15,3
288,12,15,3
288,24,15,3
288,36,15,3
288,48,15,3
288,60,15,3
288,72,15,3
288,84,15,3
288,96,15,3
288,108,15,3
288,120,15,3
288,132,15,3
288,144,15,3
288,156,15,3
288,168,15,3
288,180,15,3
288,192,15,3
288,204,15,3
288,216,15,3
288,228,15,3
288,240,15,3
288,252,15,3
288,264,15,3
288,276,15,3
288,288,15,3
288,300,15,3
288,312,15,3
300,0,15,3
300,12,15,3
300,24,15,3
300,36,15,3
300,48,15,3
300,60,15,3
300,72,15,3
300,84,15,3
300,96,15,3
300,108,15,3
300,120,15,3
300,132,15,3
300,144,15,3
300,156,15,3
300,168,15,3
300,180,15,3
300,192,15,3
300,204,15,3
300,216,15,3
300,228,15,3
300,240,15,3
300,252,15,3
300,264,15,3
300,276,15,3
300,288,15,3
300,300,15,3
300,312,15,3
312,0,15,3
312,12,15,3
312,24,15,3
312,36,15,3
312,48,15,3
312,60,15,3
312,72,15,3
312,84,15,3
312,96,15,3
312,108,15,3
312,120,15,3
312,132,15,3
312,144,15,3
312,156,15,3
312,168,15,3
312,180,15,3
312,192,15,3
312,204,15,3
312,216,15,3
312,228,15,3
312,240,15,3
312,252,15,3
312,264,15,3
312,276,15,3
312,288,15,3
312,300,15,3
312,312,15,3
0,0,15,4
0,12,15,4
0,24,15,4
0,36,15,4
0,48,15,4
0,60,15,4
0,72,15,4
0,84,15,4
0,96,15,4
0,108,15,4
0,120,15,4
0,132,15,4
0,144,15,4
0,156,15,4
0,168,15,4
0,180,15,4
0,192,15,4
0,204,15,4
0,216,15,4
0,228,15,4
0,240,15,4
0,252,15,4
0,264,15,4
0,276,15,4
0,288,15,4
0,300,15,4
0,312,15,4
12,0,15,4
12,12,15,4
12,24,15,4
12,36,15,4
12,48,15,4
12,60,15,4
12,72,15,4
12,84,15,4
12,96,15,4
12,108,15,4
12,120,15,4
12,132,15,4
12,144,15,4
12,156,15,4
12,168,15,4
12,180,15,4
12,192,15,4
12,204,15,4
12,216,15,4
12,228,15,4
12,240,15,4
12,252,15,4
12,264,15,4
12,276,15,4
12,288,15,4
12,300,15,4
12,312,15,4
24,0,15,4
24,12,15,4
24,24,15,4
24,36,15,4
24,48,15,4
24,60,15,4
24,72,15,4
24,84,15,4
24,96,15,4
24,108,15,4
24,120,15,4
24,132,15,4
24,144,15,4
24,156,15,4
24,168,15,4
24,180,15,4
24,192,15,4
24,204,15,4
24,216,15,4
24,228,15,4
24,240,15,4
24,252,15,4
24,264,15,4
24,276,15,4
24,288,15,4
24,300,15,4
24,312,15,4
36,0,15,4
36,12,15,4
36,24,15,4
36,36,11,4
36,48,11,4
36,60,15,4
36,72,15,4
36,84,15,4
36,96,15,4
36,108,15,4
36,120,15,4
36,132,15,4
36,144,15,4
36,156,15,4
36,168,15,4
36,180,15,4
36,192,15,4
36,204,15,4
36,216,15,4
36,228,15,4
36,240,15,4
36,252,15,4
36,264,15,4
36,276,15,4
36,288,15,4
36,300,15,4
36,312,15,4
48,0,15,4
48,12,15,4
48,24,15,4
48,36,11,4
48,48,11,4
48,60,15,4
48,72,15,4
48,84,15,4
48,96,15,4
48,108,15,4
48,120,15,4
48,132,15,4
48,144,15,4
48,156,15,4
48,168,15,4
48,180,15,4
48,192,15,4
48,204,15,4
48,216,15,4
48,228,15,4
48,240,15,4
48,252,15,4
48,264,15,4
48,276,15,4
48,288,15,4
48,300,15,4
48,312,15,4
60,0,15,4
60,12,15,4
60,24,15,4
60,36,15,4
60,48,15,4
60,60,15,4
60,72,15,4
60,84,15,4
60,96,15,4
60,108,15,4
60,120,15,4
60,132,15,4
60,144,15,4
60,156,15,4
60,168,15,4
60,180,15,4
60,192,15,4
60,204,15,4
60,216,15,4
60,228,15,4
60,240,15,4
60,252,15,4
60,264,15,4
60,276,15,4
60,288,15,4
60,300,15,4
60,312,15,4
72,0,15,4
72,12,15,4
72,24,15,4
72,36,15,4
72,48,15,4
72,60,15,4
72,72,15,4
72,84,15,4
72,96,15,4
72,108,15,4
72,120,15,4
72,132,15,4
72,144,15,4
72,156,15,4
72,168,15,4
72,180,15,4
72,192,15,4
72,204,15,4
72,216,15,4
72,228,15,4
72,240,15,4
72,252,15,4
72,264,15,4
72,276,15,4
72,288,15,4
72,300,15,4
72,312,15,4
84,0,15,4
84,12,15,4
84,24,15,4
84,36,15,4
84,48,15,4
84,60,15,4
84,72,15,4
84,84,15,4
84,96,15,4
84,108,15,4
84,120,15,4
84,132,15,4
84,144,15,4
84,156,15,4
84,168,15,4
84,180,15,4
84,192,15,4
84,204,15,4
84,216,15,4
84,228,15,4
84,240,15,4
84,252,15,4
84,264,15,4
84,276,15,4
84,288,15,4
84,300,15,4
84,312,15,4
96,0,15,4
96,12,15,4
96,24,15,4
96,36,15,4
96,48,15,4
96,60,15,4
96,72,15,4
96,84,15,4
96,96,15,4
96,108,15,4
96,120,15,4
96,132,15,4
96,144,15,4
96,156,15,4
96,168,15,4
96,180,15,4
96,192,15,4
96,204,15,4
96,216,15,4
96,228,15,4
96,240,15,4
96,252,15,4
96,264,15,4
96,276,15,4
96,288,15,4
96,300,15,4
96,312,15,4
108,0,15,4
108,12,15,4
108,24,15,4
108,36,15,4
108,48,15,4
108,60,15,4
108,72,15,4
108,84,15,4
108,96,15,4
108,108,15,4
108,120,15,4
108,132,15,4
108,144,15,4
108,156,15,4
108,168,15,4
108,180,15,4
108,192,15,4
108,204,15,4
108,216,15,4
108,228,15,4
108,240,15,4
108,252,15,4
108,264,15,4
108,276,15,4
108,288,15,4
108,300,15,4
108,312,15,4
120,0,15,4
120,12,15,4
120,24,15,4
120,36,15,4
120,48,15,4
120,60,15,4
120,72,15,4
120,84,15,4
120,96,15,4
120,108,15,4
120,120,15,4
120,132,15,4
120,144,15,4
120,156,15,4
120,168,15,4
120,180,15,4
120,192,15,4
120,204,15,4
120,216,15,4
120,228,15,4
120,240,15,4
120,252,15,4
120,264,15,4
120,276,15,4
120,288,15,4
120,300,15,4
120,312,15,4
132,0,15,4
132,12,15,4
132,24,15,4
132,36,15,4
132,48,15,4
132,60,15,4
132,72,15,4
132,84,15,4
132,96,15,4
132,108,15,4
132,120,15,4
132,132,15,4
132,144,15,4
132,156,15,4
132,168,15,4
132,180,15,4
132,192,15,4
132,204,15,4
132,216,15,4
132,228,15,4
132,240,15,4
132,252,15,4
132,264,15,4
132,276,15,4
132,288,15,4
132,300,15,4
132,312,15,4
144,0,15,4
144,12,15,4
144,24,15,4
144,36,15,4
144,48,15,4
144,60,15,4
144,72,15,4
144,84,15,4
144,96,15,4
144,108,15,4
144,120,15,4
144,132,15,4
144,144,15,4
144,156,15,4
144,168,15,4
144,180,15,4
144,192,15,4
144,204,15,4
144,216,15,4
144,228,15,4
144,240,15,4
144,252,15,4
144,264,15,4
144,276,15,4
144,288,15,4
144,300,15,4
144,312,15,4
156,0,15,4
156,12,15,4
156,24,15,4
156,36,15,4
156,48,15,4
156,60,15,4
156,72,15,4
156,84,15,4
156,96,15,4
156,108,15,4
156,120,15,4
156,132,15,4
156,144,15,4
156,156,15,4
156,168,15,4
156,180,15,4
156,192,15,4
156,204,15,4
156,216,15,4
156,228,15,4
156,240,15,4
156,252,15,4
156,264,15,4
156,276,15,4
156,288,15,4
156,300,15,4
156,312,15,4
168,0,15,4
168,12,15,4
168,24,15,4
168,36,15,4
168,48,15,4
168,60,15,4
168,72,15,4
168,84,15,4
168,96,15,4
168,108,15,4
168,120,15,4
168,132,15,4
168,144,15,4
168,156,15,4
168,168,15,4
168,180,15,4
168,192,15,4
168,204,15,4
168,216,15,4
168,228,15,4
168,240,15,4
168,252,15,4
168,264,15,4
168,276,15,4
168,288,15,4
168,300,15,4
168,312,15,4
180,0,15,4
180,12,15,4
180,24,15,4
180,36,15,4
180,48,15,4
180,60,15,4
180,72,15,4
180,84,15,4
180,96,15,4
180,108,15,4
180,120,15,4
180,132,15,4
180,144,15,4
180,156,15,4
180,168,15,4
180,180,15,4
180,192,15,4
180,204,15,4
180,216,15,4
180,228,15,4
180,240,15,4
180,252,15,4
180,264,15,4
180,276,15,4
180,288,15,4
180,300,15,4
180,312,15,4
192,0,15,4
192,12,15,4
192,24,15,4
192,36,15,4
192,48,15,4
192,60,15,4
192,72,15,4
192,84,15,4
192,96,15,4
192,108,15,4
192,120,15,4
192,132,15,4
192,144,15,4
192,156,15,4
192,168,15,4
192,180,15,4
192,192,15,4
192,204,15,4
192,216,15,4
192,228,15,4
192,240,15,4
192,252,15,4
192,264,15,4
192,276,15,4
192,288,15,4
192,300,15,4
192,312,15,4
204,0,15,4
204,12,15,4
204,24,15,4
204,36,15,4
204,48,15,4
204,60,15,4
204,72,15,4
204,84,15,4
204,96,15,4
204,108,15,4
204,120,15,4
204,132,15,4
204,144,15,4
204,156,15,4
204,168,15,4
204,180,15,4
204,192,15,4
204,204,15,4
204,216,15,4
204,228,15,4
204,240,15,4
204,252,15,4
204,264,15,4
204,276,15,4
204,288,15,4
204,300,15,4
204,312,15,4
216,0,15,4
216,12,15,4
216,24,15,4
216,36,15,4
216,48,15,4
216,60,15,4
216,72,15,4
216,84,15,4
216,96,15,4
216,108,15,4
216,120,15,4
216,132,15,4
216,144,15,4
216,156,15,4
216,168,15,4
216,180,15,4
216,192,15,4
216,204,15,4
216,216,15,4
216,228,15,4
216,240,15,4
216,252,15,4
216,264,15,4
216,276,15,4
216,288,15,4
216,300,15,4
216,312,15,4
228,0,15,4
228,12,15,4
228,24,15,4
228,36,15,4
228,48,15,4
228,60,15,4
228,72,15,4
228,84,15,4
228,96,15,4
228,108,15,4
228,120,15,4
228,132,15,4
228,144,15,4
228,156,15,4
228,168,15,4
228,180,15,4
228,192,15,4
228,204,15,4
228,216,15,4
228,228,15,4
228,240,15,4
228,252,15,4
228,264,15,4
228,276,15,4
228,288,15,4
228,300,15,4
228,312,15,4
240,0,15,4
240,12,15,4
240,24,15,4
240,36,15,4
240,48,15,4
240,60,15,4
240,72,15,4
240,84,15,4
240,96,15,4
240,108,15,4
240,120,15,4
240,132,15,4
240,144,15,4
240,156,15,4
240,168,15,4
240,180,15,4
240,192,15,4
240,204,15,4
240,216,15,4
240,228,15,4
240,240,15,4
240,252,15,4
240,264,15,4
240,276,15,4
240,288,15,4
240,300,15,4
240,312,15,4
252,0,15,4
252,12,15,4
252,24,15,4
252,36,15,4
252,48,15,4
252,60,15,4
252,72,15,4
252,84,15,4
252,96,15,4
252,108,15,4
252,120,15,4
252,132,15,4
252,144,15,4
252,156,15,4
252,168,15,4
252,180,15,4
252,192,15,4
252,204,15,4
252,216,15,4
252,228,15,4
252,240,15,4
252,252,15,4
252,264,15,4
252,276,15,4
252,288,15,4
252,300,15,4
252,312,15,4
264,0,15,4
264,12,15,4
264,24,15,4
264,36,15,4
264,48,15,4
264,60,15,4
264,72,15,4
264,84,15,4
264,96,15,4
264,108,15,4
264,120,15,4
264,132,15,4
264,144,15,4
264,156,15,4
264,168,15,4
264,180,15,4
264,192,15,4
264,204,15,4
264,216,15,4
264,228,15,4
264,240,15,4
264,252,15,4
264,264,15,4
264,276,15,4
264,288,15,4
264,300,15,4
264,312,15,4
276,0,15,4
276,12,15,4
276,24,15,4
276,36,15,4
276,48,15,4
276,60,15,4
276,72,15,4
276,84,15,4
276,96,15,4
276,108,15,4
276,120,15,4
276,132,15,4
276,144,15,4
276,156,15,4
276,168,15,4
276,180,15,4
276,192,15,4
276,204,15,4
276,216,15,4
276,228,15,4
276,240,15,4
276,252,15,4
276,264,15,4
276,276,15,4
276,288,15,4
276,300,15,4
276,312,15,4
288,0,15,4
288,12,15,4
288,24,15,4
288,36,15,4
288,48,15,4
288,60,15,4
288,72,15,4
288,84,15,4
288,96,15,4
288,108,15,4
288,120,15,4
288,132,15,4
288,144,15,4
288,156,15,4
288,168,15,4
288,180,15,4
288,192,15,4
288,204,15,4
288,216,15,4
288,228,15,4
288,240,15,4
288,252,15,4
288,264,15,4
288,276,15,4
288,288,15,4
288,300,15,4
288,312,15,4
300,0,15,4
300,12,15,4
300,24,15,4
300,36,15,4
300,48,15,4
300,60,15,4
300,72,15,4
300,84,15,4
300,96,15,4
300,108,15,4
300,120,15,4
300,132,15,4
300,144,15,4
300,156,15,4
300,168,15,4
300,180,15,4
300,192,15,4
300,204,15,4
300,216,15,4
300,228,15,4
300,240,15,4
300,252,15,4
300,264,15,4
300,276,15,4
300,288,15,4
300,300,15,4
300,312,15,4
312,0,15,4
312,12,15,4
312,24,15,4
312,36,15,4
312,48,15,4
312,60,15,4
312,72,15,4
312,84,15,4
312,96,15,4
312,108,15,4
312,120,15,4
312,132,15,4
312,144,15,4
312,156,15,4
312,168,15,4
312,180,15,4
312,192,15,4
312,204,15,4
312,216,15,4
312,228,15,4
312,240,15,4
312,252,15,4
312,264,15,4
312,276,15,4
312,288,15,4
312,300,15,4
312,312,15,4
0,0,15,5
0,12,15,5
0,24,15,5
0,36,15,5
0,48,15,5
0,60,15,5
0,72,15,5
0,84,15,5
0,96,15,5
0,108,15,5
0,120,15,5
0,132,15,5
0,144,15,5
0,156,15,5
0,168,15,5
0,180,15,5
0,192,15,5
0,204,15,5
0,216,15,5
0,228,15,5
0,240,15,5
0,252,15,5
0,264,15,5
0,276,15,5
0,288,15,5
0,300,15,5
0,312,15,5
12,0,15,5
12,12,15,5
12,24,15,5
12,36,15,5
12,48,15,5
12,60,15,5
12,72,15,5
12,84,15,5
12,96,15,5
12,108,15,5
12,120,15,5
12,132,15,5
12,144,15,5
12,156,15,5
12,168,15,5
12,180,15,5
12,192,15,5
12,204,15,5
12,216,15,5
12,228,15,5
12,240,15,5
12,252,15,5
12,264,15,5
12,276,15,5
12,288,15,5
12,300,15,5
12,312,15,5
24,0,15,5
24,12,15,5
24,24,15,5
24,36,15,5
24,48,15,5
24,60,15,5
24,72,15,5
24,84,15,5
24,96,15,5
24,108,15,5
24,120,15,5
24,132,15,5
24,144,15,5
24,156,15,5
24,168,15,5
24,180,15,5
24,192,15,5
24,204,15,5
24,216,15,5
24,228,15,5
24,240,15,5
24,252,15,5
24,264,15,5
24,276,15,5
24,288,15,5
24,300,15,5
24,312,15,5
36,0,15,5
36,12,15,5
36,24,15,5
36,36,10,5
36,48,10,5
36,60,15,5
36,72,15,5
36,84,15,5
36,96,15,5
36,108,15,5
36,120,15,5
36,132,15,5
36,144,15,5
36,156,15,5
36,168,15,5
36,180,15,5
36,192,15,5
36,204,15,5
36,216,15,5
36,228,15,5
36,240,15,5
36,252,15,5
36,264,15,5
36,276,15,5
36,288,15,5
36,300,15,5
36,312,15,5
48,0,15,5
48,12,15,5
48,24,15,5
48,36,10,5
48,48,10,5
48,60,15,5
48,72,15,5
48,84,15,5
48,96,15,5
48,108,15,5
48,120,15,5
48,132,15,5
48,144,15,5
48,156,15,5
48,168,15,5
48,180,15,5
48,192,15,5
48,204,15,5
48,216,15,5
48,228,15,5
48,240,15,5
48,252,15,5
48,264,15,5
48,276,15,5
48,288,15,5
48,300,15,5
48,312,15,5
60,0,15,5
60,12,15,5
60,24,15,5
60,36,15,5
60,48,15,5
60,60,15,5
60,72,15,5
60,84,15,5
60,96,15,5
60,108,15,5
60,120,15,5
60,132,15,5
60,144,15,5
60,156,15,5
60,168,15,5
60,180,15,5
60,192,15,5
60,204,15,5
60,216,15,5
60,228,15,5
60,240,15,5
60,252,15,5
60,264,15,5
60,276,15,5
60,288,15,5
60,300,15,5
60,312,15,5
72,0,15,5
72,12,15,5
72,24,15,5
72,36,15,5
72,48,15,5
72,60,15,5
72,72,15,5
72,84,15,5
72,96,15,5
72,108,15,5
72,120,15,5
72,132,15,5
72,144,15,5
72,156,15,5
72,168,15,5
72,180,15,5
72,192,15,5
72,204,15,5
72,216,15,5
72,228,15,5
72,240,15,5
72,252,15,5
72,264,15,5
72,276,15,5
72,288,15,5
72,300,15,5
72,312,15,5
84,0,15,5
84,12,15,5
84,24,15,5
84,36,15,5
84,48,15,5
84,60,15,5
84,72,15,5
84,84,15,5
84,96,15,5
84,108,15,5
84,120,15,5
84,132,15,5
84,144,15,5
84,156,15,5
84,168,15,5
84,180,15,5
84,192,15,5
84,204,15,5
84,216,15,5
84,228,15,5
84,240,15,5
84,252,15,5
84,264,15,5
84,276,15,5
84,288,15,5
84,300,15,5
84,312,15,5
96,0,15,5
96,12,15,5
96,24,15,5
96,36,15,5
96,48,15,5
96,60,15,5
96,72,15,5
96,84,15,5
96,96,15,5
96,108,15,5
96,120,15,5
96,132,15,5
96,144,15,5
96,156,15,5
96,168,15,5
96,180,15,5
96,192,15,5
96,204,15,5
96,216,15,5
96,228,15,5
96,240,15,5
96,252,15,5
96,264,15,5
96,276,15,5
96,288,15,5
96,300,15,5
96,312,15,5
108,0,15,5
108,12,15,5
108,24,15,5
108,36,15,5
108,48,15,5
108,60,15,5
108,72,15,5
108,84,15,5
108,96,15,5
108,108,15,5
108,120,15,5
108,132,15,5
108,144,15,5
108,156,15,5
108,168,15,5
108,180,15,5
108,192,15,5
108,204,15,5
108,216,15,5
108,228,15,5
108,240,15,5
108,252,15,5
108,264,15,5
108,276,15,5
108,288,15,5
108,300,15,5
108,312,15,5
120,0,15,5
120,12,15,5
120,24,15,5
120,36,15,5
120,48,15,5
120,60,15,5
120,72,15,5
120,84,15,5
120,96,15,5
120,108,15,5
120,120,15,5
120,132,15,5
120,144,15,5
120,156,15,5
120,168,15,5
120,180,15,5
120,192,15,5
120,204,15,5
120,216,15,5
120,228,15,5
120,240,15,5
120,252,15,5
120,264,15,5
120,276,15,5
120,288,15,5
120,300,15,5
120,312,15,5
132,0,15,5
132,12,15,5
132,24,15,5
132,36,15,5
132,48,15,5
132,60,15,5
132,72,15,5
132,84,15,5
132,96,15,5
132,108,15,5
132,120,15,5
132,132,15,5
132,144,15,5
132,156,15,5
132,168,15,5
132,180,15,5
132,192,15,5
132,204,15,5
132,216,15,5
132,228,15,5
132,240,15,5
132,252,15,5
132,264,15,5
132,276,15,5
132,288,15,5
132,300,15,5
132,312,15,5
144,0,15,5
144,12,15,5
144,24,15,5
144,36,15,5
144,48,15,5
144,60,15,5
144,72,15,5
144,84,15,5
144,96,15,5
144,108,15,5
144,120,15,5
144,132,15,5
144,144,15,5
144,156,15,5
144,168,15,5
144,180,15,5
144,192,15,5
144,204,15,5
144,216,15,5
144,228,15,5
144,240,15,5
144,252,15,5
144,264,15,5
144,276,15,5
144,288,15,5
144,300,15,5
144,312,15,5
156,0,15,5
156,12,15,5
156,24,15,5
156,36,15,5
156,48,15,5
156,60,15,5
156,72,15,5
156,84,15,5
156,96,15,5
156,108,15,5
156,120,15,5
156,132,15,5
156,144,15,5
156,156,15,5
156,168,15,5
156,180,15,5
156,192,15,5
156,204,15,5
156,216,15,5
156,228,15,5
156,240,15,5
156,252,15,5
156,264,15,5
156,276,15,5
156,288,15,5
156,300,15,5
156,312,15,5
168,0,15,5
168,12,15,5
168,24,15,5
168,36,15,5
168,48,15,5
168,60,15,5
168,72,15,5
168,84,15,5
168,96,15,5
168,108,15,5
168,120,15,5
168,132,15,5
168,144,15,5
168,156,15,5
168,168,15,5
168,180,15,5
168,192,15,5
168,204,15,5
168,216,15,5
168,228,15,5
168,240,15,5
168,252,15,5
168,264,15,5
168,276,15,5
168,288,15,5
168,300,15,5
168,312,15,5
180,0,15,5
180,12,15,5
180,24,15,5
180,36,15,5
180,48,15,5
180,60,15,5
180,72,15,5
180,84,15,5
180,96,15,5
180,108,15,5
180,120,15,5
180,132,15,5
180,144,15,5
180,156,15,5
180,168,15,5
180,180,15,5
180,192,15,5
180,204,15,5
180,216,15,5
180,228,15,5
180,240,15,5
180,252,15,5
180,264,15,5
180,276,15,5
180,288,15,5
180,300,15,5
180,312,15,5
192,0,15,5
192,12,15,5
192,24,15,5
192,36,15,5
192,48,15,5
192,60,15,5
192,72,15,5
192,84,15,5
192,96,15,5
192,108,15,5
192,120,15,5
192,132,15,5
192,144,15,5
192,156,15,5
192,168,15,5
192,180,15,5
192,192,15,5
192,204,15,5
192,216,15,5
192,228,15,5
192,240,15,5
192,252,15,5
192,264,15,5
192,276,15,5
192,288,15,5
192,300,15,5
192,312,15,5
204,0,15,5
204,12,15,5
204,24,15,5
204,36,15,5
204,48,15,5
204,60,15,5
204,72,15,5
204,84,15,5
204,96,15,5
204,108,15,5
204,120,15,5
204,132,15,5
204,144,15,5
204,156,15,5
204,168,15,5
204,180,15,5
204,192,15,5
204,204,15,5
204,216,15,5
204,228,15,5
204,240,15,5
204,252,15,5
204,264,15,5
204,276,15,5
204,288,15,5
204,300,15,5
204,312,15,5
216,0,15,5
216,12,15,5
216,24,15,5
216,36,15,5
216,48,15,5
216,60,15,5
216,72,15,5
216,84,15,5
216,96,15,5
216,108,15,5
216,120,15,5
216,132,15,5
216,144,15,5
216,156,15,5
216,168,15,5
216,180,15,5
216,192,15,5
216,204,15,5
216,216,15,5
216,228,15,5
216,240,15,5
216,252,15,5
216,264,15,5
216,276,15,5
216,288,15,5
216,300,15,5
216,312,15,5
228,0,15,5
228,12,15,5
228,24,15,5
228,36,15,5
228,48,15,5
228,60,15,5
228,72,15,5
228,84,15,5
228,96,15,5
228,108,15,5
228,120,15,5
228,132,15,5
228,144,15,5
228,156,15,5
228,168,15,5
228,180,15,5
228,192,15,5
228,204,15,5
228,216,15,5
228,228,15,5
228,240,15,5
228,252,15,5
228,264,15,5
228,276,15,5
228,288,15,5
228,300,15,5
228,312,15,5
240,0,15,5
240,12,15,5
240,24,15,5
240,36,15,5
240,48,15,5
240,60,15,5
240,72,15,5
240,84,15,5
240,96,15,5
240,108,15,5
240,120,15,5
240,132,15,5
240,144,15,5
240,156,15,5
240,168,15,5
240,180,15,5
240,192,15,5
240,204,15,5
240,216,15,5
240,228,15,5
240,240,15,5
240,252,15,5
240,264,15,5
240,276,15,5
240,288,15,5
240,300,15,5
240,312,15,5
252,0,15,5
252,12,15,5
252,24,15,5
252,36,15,5
252,48,15,5
252,60,15,5
252,72,15,5
252,84,15,5
252,96,15,5
252,108,15,5
252,120,15,5
252,132,15,5
252,144,15,5
252,156,15,5
252,168,15,5
252,180,15,5
252,192,15,5
252,204,15,5
252,216,15,5
252,228,15,5
252,240,15,5
252,252,15,5
252,264,15,5
252,276,15,5
252,288,15,5
252,300,15,5
252,312,15,5
264,0,15,5
264,12,15,5
264,24,15,5
264,36,15,5
264,48,15,5
264,60,15,5
264,72,15,5
264,84,15,5
264,96,15,5
264,108,15,5
264,120,15,5
264,132,15,5
264,144,15,5
264,156,15,5
264,168,15,5
264,180,15,5
264,192,15,5
264,204,15,5
264,216,15,5
264,228,15,5
264,240,15,5
264,252,15,5
264,264,15,5
264,276,15,5
264,288,15,5
264,300,15,5
264,312,15,5
276,0,15,5
276,12,15,5
276,24,15,5
276,36,15,5
276,48,15,5
276,60,15,5
276,72,15,5
276,84,15,5
276,96,15,5
276,108,15,5
276,120,15,5
276,132,15,5
276,144,15,5
276,156,15,5
276,168,15,5
276,180,15,5
276,192,15,5
276,204,15,5
276,216,15,5
276,228,15,5
276,240,15,5
276,252,15,5
276,264,15,5
276,276,15,5
276,288,15,5
276,300,15,5
276,312,15,5
288,0,15,5
288,12,15,5
288,24,15,5
288,36,15,5
288,48,15,5
288,60,15,5
288,72,15,5
288,84,15,5
288,96,15,5
288,108,15,5
288,120,15,5
288,132,15,5
288,144,15,5
288,156,15,5
288,168,15,5
288,180,15,5
288,192,15,5
288,204,15,5
288,216,15,5
288,228,15,5
288,240,15,5
288,252,15,5
288,264,15,5
288,276,15,5
288,288,15,5
288,300,15,5
288,312,15,5
300,0,15,5
300,12,15,5
300,24,15,5
300,36,15,5
300,48,15,5
300,60,15,5
300,72,15,5
300,84,15,5
300,96,15,5
300,108,15,5
300,120,15,5
300,132,15,5
300,144,15,5
300,156,15,5
300,168,15,5
300,180,15,5
300,192,15,5
300,204,15,5
300,216,15,5
300,228,15,5
300,240,15,5
300,252,15,5
300,264,15,5
300,276,15,5
300,288,15,5
300,300,15,5
300,312,15,5
312,0,15,5
312,12,15,5
312,24,15,5
312,36,15,5
312,48,15,5
312,60,15,5
312,72,15,5
312,84,15,5
312,96,15,5
312,108,15,5
312,120,15,5
312,132,15,5
312,144,15,5
312,156,15,5
312,168,15,5
312,180,15,5
312,192,15,5
312,204,15,5
312,216,15,5
312,228,15,5
312,240,15,5
312,252,15,5
312,264,15,5
312,276,15,5
312,288,15,5
312,300,15,5
312,312,15,5
0,0,15,6
0,12,15,6
0,24,15,6
0,36,15,6
0,48,15,6
0,60,15,6
0,72,15,6
0,84,15,6
0,96,15,6
0,108,15,6
0,120,15,6
0,132,15,6
0,144,15,6
0,156,15,6
0,168,15,6
0,180,15,6
0,192,15,6
0,204,15,6
0,216,15,6
0,228,15,6
0,240,15,6
0,252,15,6
0,264,15,6
0,276,15,6
0,288,15,6
0,300,15,6
0,312,15,6
12,0,15,6
12,12,15,6
12,24,15,6
12,36,15,6
12,48,15,6
12,60,15,6
12,72,15,6
12,84,15,6
12,96,15,6
12,108,15,6
12,120,15,6
12,132,15,6
12,144,15,6
12,156,15,6
12,168,15,6
12,180,15,6
12,192,15,6
12,204,15,6
12,216,15,6
12,228,15,6
12,240,15,6
12,252,15,6
12,264,15,6
12,276,15,6
12,288,15,6
12,300,15,6
12,312,15,6
24,0,15,6
24,12,15,6
24,24,15,6
24,36,15,6
24,48,15,6
24,60,15,6
24,72,15,6
24,84,15,6
24,96,15,6
24,108,15,6
24,120,15,6
24,132,15,6
24,144,15,6
24,156,15,6
24,168,15,6
24,180,15,6
24,192,15,6
24,204,15,6
24,216,15,6
24,228,15,6
24,240,15,6
24,252,15,6
24,264,15,6
24,276,15,6
24,288,15,6
24,300,15,6
24,312,15,6
36,0,15,6
36,12,15,6
36,24,15,6
36,36,9,6
36,48,9,6
36,60,15,6
36,72,15,6
36,84,15,6
36,96,15,6
36,108,15,6
36,120,15,6
36,132,15,6
36,144,15,6
36,156,15,6
36,168,15,6
36,180,15,6
36,192,15,6
36,204,15,6
36,216,15,6
36,228,15,6
36,240,15,6
36,252,15,6
36,264,15,6
36,276,15,6
36,288,15,6
36,300,15,6
36,312,15,6
48,0,15,6
48,12,15,6
48,24,15,6
48,36,9,6
48,48,9,6
48,60,15,6
48,72,15,6
48,84,15,6
48,96,15,6
48,108,15,6
48,120,15,6
48,132,15,6
48,144,15,6
48,156,15,6
48,168,15,6
48,180,15,6
48,192,15,6
48,204,15,6
48,216,15,6
48,228,15,6
48,240,15,6
48,252,15,6
48,264,15,6
48,276,15,6
48,288,15,6
48,300,15,6
48,312,15,6
60,0,15,6
60,12,15,6
60,24,15,6
60,36,15,6
60,48,15,6
60,60,15,6
60,72,15,6
60,84,15,6
60,96,15,6
60,108,15,6
60,120,15,6
60,132,15,6
60,144,15,6
60,156,15,6
60,168,15,6
60,180,15,6
60,192,15,6
60,204,15,6
60,216,15,6
60,228,15,6
60,240,15,6
60,252,15,6
60,264,15,6
60,276,15,6
60,288,15,6
60,300,15,6
60,312,15,6
72,0,15,6
72,12,15,6
72,24,15,6
72,36,15,6
72,48,15,6
72,60,15,6
72,72,15,6
72,84,15,6
72,96,15,6
72,108,15,6
72,120,15,6
72,132,15,6
72,144,15,6
72,156,15,6
72,168,15,6
72,180,15,6
72,192,15,6
72,204,15,6
72,216,15,6
72,228,15,6
72,240,15,6
72,252,15,6
72,264,15,6
72,276,15,6
72,288,15,6
72,300,15,6
72,312,15,6
84,0,15,6
84,12,15,6
84,24,15,6
84,36,15,6
84,48,15,6
84,60,15,6
84,72,15,6
84,84,15,6
84,96,15,6
84,108,15,6
84,120,15,6
84,132,15,6
84,144,15,6
84,156,15,6
84,168,15,6
84,180,15,6
84,192,15,6
84,204,15,6
84,216,15,6
84,228,15,6
84,240,15,6
84,252,15,6
84,264,15,6
84,276,15,6
84,288,15,6
84,300,15,6
84,312,15,6
96,0,15,6
96,12,15,6
96,24,15,6
96,36,15,6
96,48,15,6
96,60,15,6
96,72,15,6
96,84,15,6
96,96,15,6
96,108,15,6
96,120,15,6
96,132,15,6
96,144,15,6
96,156,15,6
96,168,15,6
96,180,15,6
96,192,15,6
96,204,15,6
96,216,15,6
96,228,15,6
96,240,15,6
96,252,15,6
96,264,15,6
96,276,15,6
96,288,15,6
96,300,15,6
96,312,15,6
108,0,15,6
108,12,15,6
108,24,15,6
108,36,15,6
108,48,15,6
108,60,15,6
108,72,15,6
108,84,15,6
108,96,15,6
108,108,15,6
108,120,15,6
108,132,15,6
108,144,15,6
108,156,15,6
108,168,15,6
108,180,15,6
108,192,15,6
108,204,15,6
108,216,15,6
108,228,15,6
108,240,15,6
108,252,15,6
108,264,15,6
108,276,15,6
108,288,15,6
108,300,15,6
108,312,15,6
120,0,15,6
120,12,15,6
120,24,15,6
120,36,15,6
120,48,15,6
120,60,15,6
120,72,15,6
120,84,15,6
120,96,15,6
120,108,15,6
120,120,15,6
120,132,15,6
120,144,15,6
120,156,15,6
120,168,15,6
120,180,15,6
120,192,15,6
120,204,15,6
120,216,15,6
120,228,15,6
120,240,15,6
120,252,15,6
120,264,15,6
120,276,15,6
120,288,15,6
120,300,15,6
120,312,15,6
132,0,15,6
132,12,15,6
132,24,15,6
132,36,15,6
132,48,15,6
132,60,15,6
132,72,15,6
132,84,15,6
132,96,15,6
132,108,15,6
132,120,15,6
132,132,15,6
132,144,15,6
132,156,15,6
132,168,15,6
132,180,15,6
132,192,15,6
132,204,15,6
132,216,15,6
132,228,15,6
132,240,15,6
132,252,15,6
132,264,15,6
132,276,15,6
132,288,15,6
132,300,15,6
132,312,15,6
144,0,15,6
144,12,15,6
144,24,15,6
144,36,15,6
144,48,15,6
144,60,15,6
144,72,15,6
144,84,15,6
144,96,15,6
144,108,15,6
144,120,15,6
144,132,15,6
144,144,15,6
144,156,15,6
144,168,15,6
144,180,15,6
144,192,15,6
144,204,15,6
144,216,15,6
144,228,15,6
144,240,15,6
144,252,15,6
144,264,15,6
144,276,15,6
144,288,15,6
144,300,15,6
144,312,15,6
156,0,15,6
156,12,15,6
156,24,15,6
156,36,15,6
156,48,15,6
156,60,15,6
156,72,15,6
156,84,15,6
156,96,15,6
156,108,15,6
156,120,15,6
156,132,15,6
156,144,15,6
156,156,15,6
156,168,15,6
156,180,15,6
156,192,15,6
156,204,15,6
156,216,15,6
156,228,15,6
156,240,15,6
156,252,15,6
156,264,15,6
156,276,15,6
156,288,15,6
156,300,15,6
156,312,15,6
168,0,15,6
168,12,15,6
168,24,15,6
168,36,15,6
168,48,15,6
168,60,15,6
168,72,15,6
168,84,15,6
168,96,15,6
168,108,15,6
168,120,15,6
168,132,15,6
168,144,15,6
168,156,15,6
168,168,15,6
168,180,15,6
168,192,15,6
168,204,15,6
168,216,15,6
168,228,15,6
168,240,15,6
168,252,15,6
168,264,15,6
168,276,15,6
168,288,15,6
168,300,15,6
168,312,15,6
180,0,15,6
180,12,15,6
180,24,15,6
180,36,15,6
180,48,15,6
180,60,15,6
180,72,15,6
180,84,15,6
180,96,15,6
180,108,15,6
180,120,15,6
180,132,15,6
180,144,15,6
180,156,15,6
180,168,15,6
180,180,15,6
180,192,15,6
180,204,15,6
180,216,15,6
180,228,15,6
180,240,15,6
180,252,15,6
180,264,15,6
180,276,15,6
180,288,15,6
180,300,15,6
180,312,15,6
192,0,15,6
192,12,15,6
192,24,15,6
192,36,15,6
192,48,15,6
192,60,15,6
192,72,15,6
192,84,15,6
192,96,15,6
192,108,15,6
192,120,15,6
192,132,15,6
192,144,15,6
192,156,15,6
192,168,15,6
192,180,15,6
192,192,15,6
192,204,15,6
192,216,15,6
192,228,15,6
192,240,15,6
192,252,15,6
192,264,15,6
192,276,15,6
192,288,15,6
192,300,15,6
192,312,15,6
204,0,15,6
204,12,15,6
204,24,15,6
204,36,15,6
204,48,15,6
204,60,15,6
204,72,15,6
204,84,15,6
204,96,15,6
204,108,15,6
204,120,15,6
204,132,15,6
204,144,15,6
204,156,15,6
204,168,15,6
204,180,15,6
204,192,15,6
204,204,15,6
204,216,15,6
204,228,15,6
204,240,15,6
204,252,15,6
204,264,15,6
204,276,15,6
204,288,15,6
204,300,15,6
204,312,15,6
216,0,15,6
216,12,15,6
216,24,15,6
216,36,15,6
216,48,15,6
216,60,15,6
216,72,15,6
216,84,15,6
216,96,15,6
216,108,15,6
216,120,15,6
216,132,15,6
216,144,15,6
216,156,15,6
216,168,15,6
216,180,15,6
216,192,15,6
216,204,15,6
216,216,15,6
216,228,15,6
216,240,15,6
216,252,15,6
216,264,15,6
216,276,15,6
216,288,15,6
216,300,15,6
216,312,15,6
228,0,15,6
228,12,15,6
228,24,15,6
228,36,15,6
228,48,15,6
228,60,15,6
228,72,15,6
228,84,15,6
228,96,15,6
228,108,15,6
228,120,15,6
228,132,15,6
228,144,15,6
228,156,15,6
228,168,15,6
228,180,15,6
228,192,15,6
228,204,15,6
228,216,15,6
228,228,15,6
228,240,15,6
228,252,15,6
228,264,15,6
228,276,15,6
228,288,15,6
228,300,15,6
228,312,15,6
240,0,15,6
240,12,15,6
240,24,15,6
240,36,15,6
240,48,15,6
240,60,15,6
240,72,15,6
240,84,15,6
240,96,15,6
240,108,15,6
240,120,15,6
240,132,15,6
240,144,15,6
240,156,15,6
240,168,15,6
240,180,15,6
240,192,15,6
240,204,15,6
240,216,15,6
240,228,15,6
240,240,15,6
240,252,15,6
240,264,15,6
240,276,15,6
240,288,15,6
240,300,15,6
240,312,15,6
252,0,15,6
252,12,15,6
252,24,15,6
252,36,15,6
252,48,15,6
252,60,15,6
252,72,15,6
252,84,15,6
252,96,15,6
252,108,15,6
252,120,15,6
252,132,15,6
252,144,15,6
252,156,15,6
252,168,15,6
252,180,15,6
252,192,15,6
252,204,15,6
252,216,15,6
252,228,15,6
252,240,15,6
252,252,15,6
252,264,15,6
252,276,15,6
252,288,15,6
252,300,15,6
252,312,15,6
264,0,15,6
264,12,15,6
264,24,15,6
264,36,15,6
264,48,15,6
264,60,15,6
264,72,15,6
264,84,15,6
264,96,15,6
264,108,15,6
264,120,15,6
264,132,15,6
264,144,15,6
264,156,15,6
264,168,15,6
264,180,15,6
264,192,15,6
264,204,15,6
264,216,15,6
264,228,15,6
264,240,15,6
264,252,15,6
264,264,15,6
264,276,15,6
264,288,15,6
264,300,15,6
264,312,15,6
276,0,15,6
276,12,15,6
276,24,15,6
276,36,15,6
276,48,15,6
276,60,15,6
276,72,15,6
276,84,15,6
276,96,15,6
276,108,15,6
276,120,15,6
276,132,15,6
276,144,15,6
276,156,15,6
276,168,15,6
276,180,15,6
276,192,15,6
276,204,15,6
276,216,15,6
276,228,15,6
276,240,15,6
276,252,15,6
276,264,15,6
276,276,15,6
276,288,15,6
276,300,15,6
276,312,15,6
288,0,15,6
288,12,15,6
288,24,15,6
288,36,15,6
288,48,15,6
288,60,15,6
288,72,15,6
288,84,15,6
288,96,15,6
288,108,15,6
288,120,15,6
288,132,15,6
288,144,15,6
288,156,15,6
288,168,15,6
288,180,15,6
288,192,15,6
288,204,15,6
288,216,15,6
288,228,15,6
288,240,15,6
288,252,15,6
288,264,15,6
288,276,15,6
288,288,15,6
288,300,15,6
288,312,15,6
300,0,15,6
300,12,15,6
300,24,15,6
300,36,15,6
300,48,15,6
300,60,15,6
300,72,15,6
300,84,15,6
300,96,15,6
300,108,15,6
300,120,15,6
300,132,15,6
300,144,15,6
300,156,15,6
300,168,15,6
300,180,15,6
300,192,15,6
300,204,15,6
300,216,15,6
300,228,15,6
300,240,15,6
300,252,15,6
300,264,15,6
300,276,15,6
300,288,15,6
300,300,15,6
300,312,15,6
312,0,15,6
312,12,15,6
312,24,15,6
312,36,15,6
312,48,15,6
312,60,15,6
312,72,15,6
312,84,15,6
312,96,15,6
312,108,15,6
312,120,15,6
312,132,15,6
312,144,15,6
312,156,15,6
312,168,15,6
312,180,15,6
312,192,15,6
312,204,15,6
312,216,15,6
312,228,15,6
312,240,15,6
312,252,15,6
312,264,15,6
312,276,15,6
312,288,15,6
312,300,15,6
312,312,15,6
0,0,15,7
0,12,15,7
0,24,15,7
0,36,15,7
0,48,15,7
0,60,15,7
0,72,15,7
0,84,15,7
0,96,15,7
0,108,15,7
0,120,15,7
0,132,15,7
0,144,15,7
0,156,15,7
0,168,15,7
0,180,15,7
0,192,15,7
0,204,15,7
0,216,15,7
0,228,15,7
0,240,15,7
0,252,15,7
0,264,15,7
0,276,15,7
0,288,15,7
0,300,15,7
0,312,15,7
12,0,15,7
12,12,15,7
12,24,15,7
12,36,15,7
12,48,15,7
12,60,15,7
12,72,15,7
12,84,15,7
12,96,15,7
12,108,15,7
12,120,15,7
12,132,15,7
12,144,15,7
12,156,15,7
12,168,15,7
12,180,15,7
12,192,15,7
12,204,15,7
12,216,15,7
12,228,15,7
12,240,15,7
12,252,15,7
12,264,15,7
12,276,15,7
12,288,15,7
12,300,15,7
12,312,15,7
24,0,15,7
24,12,15,7
24,24,15,7
24,36,15,7
24,48,15,7
24,60,15,7
24,72,15,7
24,84,15,7
24,96,15,7
24,108,15,7
24,120,15,7
24,132,15,7
24,144,15,7
24,156,15,7
24,168,15,7
24,180,15,7
24,192,15,7
24,204,15,7
24,216,15,7
24,228,15,7
24,240,15,7
24,252,15,7
24,264,15,7
24,276,15,7
24,288,15,7
24,300,15,7
24,312,15,7
36,0,15,7
36,12,15,7
36,24,15,7
36,36,8,7
36,48,8,7
36,60,15,7
36,72,15,7
36,84,15,7
36,96,15,7
36,108,15,7
36,120,15,7
36,132,15,7
36,144,15,7
36,156,15,7
36,168,15,7
36,180,15,7
36,192,15,7
36,204,15,7
36,216,15,7
36,228,15,7
36,240,15,7
36,252,15,7
36,264,15,7
36,276,15,7
36,288,15,7
36,300,15,7
36,312,15,7
48,0,15,7
48,12,15,7
48,24,15,7
48,36,8,7
48,48,8,7
48,60,15,7
48,72,15,7
48,84,15,7
48,96,15,7
48,108,15,7
48,120,15,7
48,132,15,7
48,144,15,7
48,156,15,7
48,168,15,7
48,180,15,7
48,192,15,7
48,204,15,7
48,216,15,7
48,228,15,7
48,240,15,7
48,252,15,7
48,264,15,7
48,276,15,7
48,288,15,7
48,300,15,7
48,312,15,7
60,0,15,7
60,12,15,7
60,24,15,7
60,36,15,7
60,48,15,7
60,60,15,7
60,72,15,7
60,84,15,7
60,96,15,7
60,108,15,7
60,120,15,7
60,132,15,7
60,144,15,7
60,156,15,7
60,168,15,7
60,180,15,7
60,192,15,7
60,204,15,7
60,216,15,7
60,228,15,7
60,240,15,7
60,252,15,7
60,264,15,7
60,276,15,7
60,288,15,7
60,300,15,7
60,312,15,7
72,0,15,7
72,12,15,7
72,24,15,7
72,36,15,7
72,48,15,7
72,60,15,7
72,72,15,7
72,84,15,7
72,96,15,7
72,108,15,7
72,120,15,7
72,132,15,7
72,144,15,7
72,156,15,7
72,168,15,7
72,180,15,7
72,192,15,7
72,204,15,7
72,216,15,7
72,228,15,7
72,240,15,7
72,252,15,7
72,264,15,7
72,276,15,7
72,288,15,7
72,300,15,7
72,312,15,7
84,0,15,7
84,12,15,7
84,24,15,7
84,36,15,7
84,48,15,7
84,60,15,7
84,72,15,7
84,84,15,7
84,96,15,7
84,108,15,7
84,120,15,7
84,132,15,7
84,144,15,7
84,156,15,7
84,168,15,7
84,180,15,7
84,192,15,7
84,204,15,7
84,216,15,7
84,228,15,7
84,240,15,7
84,252,15,7
84,264,15,7
84,276,15,7
84,288,15,7
84,300,15,7
84,312,15,7
96,0,15,7
96,12,15,7
96,24,15,7
96,36,15,7
96,48,15,7
96,60,15,7
96,72,15,7
96,84,15,7
96,96,15,7
96,108,15,7
96,120,15,7
96,132,15,7
96,144,15,7
96,156,15,7
96,168,15,7
96,180,15,7
96,192,15,7
96,204,15,7
96,216,15,7
96,228,15,7
96,240,15,7
96,252,15,7
96,264,15,7
96,276,15,7
96,288,15,7
96,300,15,7
96,312,15,7
108,0,15,7
108,12,15,7
108,24,15,7
108,36,15,7
108,48,15,7
108,60,15,7
108,72,15,7
108,84,15,7
108,96,15,7
108,108,15,7
108,120,15,7
108,132,15,7
108,144,15,7
108,156,15,7
108,168,15,7
108,180,15,7
108,192,15,7
108,204,15,7
108,216,15,7
108,228,15,7
108,240,15,7
108,252,15,7
108,264,15,7
108,276,15,7
108,288,15,7
108,300,15,7
108,312,15,7
120,0,15,7
120,12,15,7
120,24,15,7
120,36,15,7
120,48,15,7
120,60,15,7
120,72,15,7
120,84,15,7
120,96,15,7
120,108,15,7
120,120,15,7
120,132,15,7
120,144,15,7
120,156,15,7
120,168,15,7
120,180,15,7
120,192,15,7
120,204,15,7
120,216,15,7
120,228,15,7
120,240,15,7
120,252,15,7
120,264,15,7
120,276,15,7
120,288,15,7
120,300,15,7
120,312,15,7
132,0,15,7
132,12,15,7
132,24,15,7
132,36,15,7
132,48,15,7
132,60,15,7
132,72,15,7
132,84,15,7
132,96,15,7
132,108,15,7
132,120,15,7
132,132,15,7
132,144,15,7
132,156,15,7
132,168,15,7
132,180,15,7
132,192,15,7
132,204,15,7
132,216,15,7
132,228,15,7
132,240,15,7
132,252,15,7
132,264,15,7
132,276,15,7
132,288,15,7
132,300,15,7
132,312,15,7
144,0,15,7
144,12,15,7
144,24,15,7
144,36,15,7
144,48,15,7
144,60,15,7
144,72,15,7
144,84,15,7
144,96,15,7
144,108,15,7
144,120,15,7
144,132,15,7
144,144,15,7
144,156,15,7
144,168,15,7
144,180,15,7
144,192,15,7
144,204,15,7
144,216,15,7
144,228,15,7
144,240,15,7
144,252,15,7
144,264,15,7
144,276,15,7
144,288,15,7
144,300,15,7
144,312,15,7
156,0,15,7
156,12,15,7
156,24,15,7
156,36,15,7
156,48,15,7
156,60,15,7
156,72,15,7
156,84,15,7
156,96,15,7
156,108,15,7
156,120,15,7
156,132,15,7
156,144,15,7
156,156,15,7
156,168,15,7
156,180,15,7
156,192,15,7
156,204,15,7
156,216,15,7
156,228,15,7
156,240,15,7
156,252,15,7
156,264,15,7
156,276,15,7
156,288,15,7
156,300,15,7
156,312,15,7
168,0,15,7
168,12,15,7
168,24,15,7
168,36,15,7
168,48,15,7
168,60,15,7
168,72,15,7
168,84,15,7
168,96,15,7
168,108,15,7
168,120,15,7
168,132,15,7
168,144,15,7
168,156,15,7
168,168,15,7
168,180,15,7
168,192,15,7
168,204,15,7
168,216,15,7
168,228,15,7
168,240,15,7
168,252,15,7
168,264,15,7
168,276,15,7
168,288,15,7
168,300,15,7
168,312,15,7
180,0,15,7
180,12,15,7
180,24,15,7
180,36,15,7
180,48,15,7
180,60,15,7
180,72,15,7
180,84,15,7
180,96,15,7
180,108,15,7
180,120,15,7
180,132,15,7
180,144,15,7
180,156,15,7
180,168,15,7
180,180,15,7
180,192,15,7
180,204,15,7
180,216,15,7
180,228,15,7
180,240,15,7
180,252,15,7
180,264,15,7
180,276,15,7
180,288,15,7
180,300,15,7
180,312,15,7
192,0,15,7
192,12,15,7
192,24,15,7
192,36,15,7
192,48,15,7
192,60,15,7
192,72,15,7
192,84,15,7
192,96,15,7
192,108,15,7
192,120,15,7
192,132,15,7
192,144,15,7
192,156,15,7
192,168,15,7
192,180,15,7
192,192,15,7
192,204,15,7
192,216,15,7
192,228,15,7
192,240,15,7
192,252,15,7
192,264,15,7
192,276,15,7
192,288,15,7
192,300,15,7
192,312,15,7
204,0,15,7
204,12,15,7
204,24,15,7
204,36,15,7
204,48,15,7
204,60,15,7
204,72,15,7
204,84,15,7
204,96,15,7
204,108,15,7
204,120,15,7
204,132,15,7
204,144,15,7
204,156,15,7
204,168,15,7
204,180,15,7
204,192,15,7
204,204,15,7
204,216,15,7
204,228,15,7
204,240,15,7
204,252,15,7
204,264,15,7
204,276,15,7
204,288,15,7
204,300,15,7
204,312,15,7
216,0,15,7
216,12,15,7
216,24,15,7
216,36,15,7
216,48,15,7
216,60,15,7
216,72,15,7
216,84,15,7
216,96,15,7
216,108,15,7
216,120,15,7
216,132,15,7
216,144,15,7
216,156,15,7
216,168,15,7
216,180,15,7
216,192,15,7
216,204,15,7
216,216,15,7
216,228,15,7
216,240,15,7
216,252,15,7
216,264,15,7
216,276,15,7
216,288,15,7
216,300,15,7
216,312,15,7
228,0,15,7
228,12,15,7
228,24,15,7
228,36,15,7
228,48,15,7
228,60,15,7
228,72,15,7
228,84,15,7
228,96,15,7
228,108,15,7
228,120,15,7
228,132,15,7
228,144,15,7
228,156,15,7
228,168,15,7
228,180,15,7
228,192,15,7
228,204,15,7
228,216,15,7
228,228,15,7
228,240,15,7
228,252,15,7
228,264,15,7
228,276,15,7
228,288,15,7
228,300,15,7
228,312,15,7
240,0,15,7
240,12,15,7
240,24,15,7
240,36,15,7
240,48,15,7
240,60,15,7
240,72,15,7
240,84,15,7
240,96,15,7
240,108,15,7
240,120,15,7
240,132,15,7
240,144,15,7
240,156,15,7
240,168,15,7
240,180,15,7
240,192,15,7
240,204,15,7
240,216,15,7
240,228,15,7
240,240,15,7
240,252,15,7
240,264,15,7
240,276,15,7
240,288,15,7
240,300,15,7
240,312,15,7
252,0,15,7
252,12,15,7
252,24,15,7
252,36,15,7
252,48,15,7
252,60,15,7
252,72,15,7
252,84,15,7
252,96,15,7
252,108,15,7
252,120,15,7
252,132,15,7
252,144,15,7
252,156,15,7
252,168,15,7
252,180,15,7
252,192,15,7
252,204,15,7
252,216,15,7
252,228,15,7
252,240,15,7
252,252,15,7
252,264,15,7
252,276,15,7
252,288,15,7
252,300,15,7
252,312,15,7
264,0,15,7
264,12,15,7
264,24,15,7
264,36,15,7
264,48,15,7
264,60,15,7
264,72,15,7
264,84,15,7
264,96,15,7
264,108,15,7
264,120,15,7
264,132,15,7
264,144,15,7
264,156,15,7
264,168,15,7
264,180,15,7
264,192,15,7
264,204,15,7
264,216,15,7
264,228,15,7
264,240,15,7
264,252,15,7
264,264,15,7
264,276,15,7
264,288,15,7
264,300,15,7
264,312,15,7
276,0,15,7
276,12,15,7
276,24,15,7
276,36,15,7
276,48,15,7
276,60,15,7
276,72,15,7
276,84,15,7
276,96,15,7
276,108,15,7
276,120,15,7
276,132,15,7
276,144,15,7
276,156,15,7
276,168,15,7
276,180,15,7
276,192,15,7
276,204,15,7
276,216,15,7
276,228,15,7
276,240,15,7
276,252,15,7
276,264,15,7
276,276,15,7
276,288,15,7
276,300,15,7
276,312,15,7
288,0,15,7
288,12,15,7
288,24,15,7
288,36,15,7
288,48,15,7
288,60,15,7
288,72,15,7
288,84,15,7
288,96,15,7
288,108,15,7
288,120,15,7
288,132,15,7
288,144,15,7
288,156,15,7
288,168,15,7
288,180,15,7
288,192,15,7
288,204,15,7
288,216,15,7
288,228,15,7
288,240,15,7
288,252,15,7
288,264,15,7
288,276,15,7
288,288,15,7
288,300,15,7
288,312,15,7
300,0,15,7
300,12,15,7
300,24,15,7
300,36,15,7
300,48,15,7
300,60,15,7
300,72,15,7
300,84,15,7
300,96,15,7
300,108,15,7
300,120,15,7
300,132,15,7
300,144,15,7
300,156,15,7
300,168,15,7
300,180,15,7
300,192,15,7
300,204,15,7
300,216,15,7
300,228,15,7
300,240,15,7
300,252,15,7
300,264,15,7
300,276,15,7
300,288,15,7
300,300,15,7
300,312,15,7
312,0,15,7
312,12,15,7
312,24,15,7
312,36,15,7
312,48,15,7
312,60,15,7
312,72,15,7
312,84,15,7
312,96,15,7
312,108,15,7
312,120,15,7
312,132,15,7
312,144,15,7
312,156,15,7
312,168,15,7
312,180,15,7
312,192,15,7
312,204,15,7
312,216,15,7
312,228,15,7
312,240,15,7
312,252,15,7
312,264,15,7
312,276,15,7
312,288,15,7
312,300,15,7
312,312,15,7
